cropped,004,여,20,분노
cropped,005,여,20,분노
cropped,006,여,20,분노
cropped,008,남,20,분노
cropped,007,여,40,분노
cropped,009,여,20,분노
cropped,010,여,40,분노
cropped,011,여,30,분노
cropped,012,남,20,분노
cropped,014,남,40,분노
cropped,013,남,20,분노
cropped,016,여,30,분노
cropped,015,여,20,분노
cropped,017,여,30,분노
cropped,020,여,20,분노
cropped,019,남,20,분노
cropped,018,여,20,분노
cropped,022,남,30,분노
cropped,021,남,30,분노
cropped,024,여,20,분노
cropped,023,남,50,분노
cropped,025,여,30,분노
cropped,027,남,20,분노
cropped,028,여,20,분노
cropped,029,남,20,분노
cropped,030,남,20,분노
cropped,032,여,20,분노
cropped,034,여,30,분노
cropped,033,여,20,분노
cropped,036,여,20,분노
cropped,039,남,20,분노
cropped,037,여,30,분노
cropped,040,여,20,분노
cropped,038,여,20,분노
cropped,042,여,20,분노
cropped,043,여,20,분노
cropped,044,여,20,분노
cropped,041,남,20,분노
cropped,045,여,40,분노
cropped,046,여,20,분노
cropped,047,남,50,분노
cropped,049,남,20,분노
cropped,048,남,10,분노
cropped,051,여,40,분노
cropped,050,여,20,분노
cropped,052,남,20,분노
cropped,055,남,20,분노
cropped,054,남,30,분노
cropped,053,남,20,분노
cropped,057,남,30,분노
cropped,058,남,20,분노
cropped,059,남,20,분노
cropped,062,남,30,분노
cropped,060,여,20,분노
cropped,061,남,40,분노
cropped,065,여,20,분노
cropped,064,여,20,분노
cropped,063,여,40,분노
cropped,067,남,40,분노
cropped,068,남,20,분노
cropped,066,남,20,분노
cropped,072,여,20,분노
cropped,069,남,20,분노
cropped,071,여,30,분노
cropped,075,여,20,분노
cropped,076,남,20,분노
cropped,073,여,20,분노
cropped,077,여,20,분노
cropped,079,여,20,분노
cropped,080,여,50,분노
cropped,078,여,20,분노
cropped,083,남,20,분노
cropped,082,여,50,분노
cropped,081,남,20,분노
cropped,085,여,20,분노
cropped,086,여,30,분노
cropped,087,남,20,분노
cropped,090,여,20,분노
cropped,089,여,30,분노
cropped,094,여,10,분노
cropped,093,여,20,분노
cropped,091,남,20,분노
cropped,092,여,40,분노
cropped,097,여,20,분노
cropped,095,여,20,분노
cropped,096,여,40,분노
cropped,098,여,20,분노
cropped,100,여,20,분노
cropped,102,남,20,분노
cropped,101,여,40,분노
cropped,103,여,40,분노
cropped,105,여,30,분노
cropped,104,여,20,분노
cropped,106,남,30,분노
cropped,110,남,20,분노
cropped,108,남,20,분노
cropped,107,남,20,분노
cropped,109,남,20,분노
cropped,111,남,20,분노
cropped,114,여,20,분노
cropped,117,여,20,분노
cropped,115,여,20,분노
cropped,116,여,30,분노
cropped,119,여,20,분노
cropped,118,여,10,분노
cropped,120,여,20,분노
cropped,121,여,20,분노
cropped,123,여,20,분노
cropped,122,여,20,분노
cropped,126,남,20,분노
cropped,124,여,20,분노
cropped,130,여,40,분노
cropped,127,여,20,분노
cropped,129,여,40,분노
cropped,128,여,20,분노
cropped,133,여,30,분노
cropped,131,여,30,분노
cropped,132,남,30,분노
cropped,134,여,30,분노
cropped,136,여,10,분노
cropped,135,여,40,분노
cropped,139,남,30,분노
cropped,138,남,50,분노
cropped,137,여,20,분노
cropped,141,여,30,분노
cropped,143,남,20,분노
cropped,140,여,20,분노
cropped,142,여,20,분노
cropped,146,남,30,분노
cropped,147,여,20,분노
cropped,151,여,20,분노
cropped,150,여,30,분노
cropped,149,여,30,분노
cropped,152,여,20,분노
cropped,153,여,20,분노
cropped,157,남,20,분노
cropped,154,여,20,분노
cropped,156,남,20,분노
cropped,158,여,20,분노
cropped,159,여,20,분노
cropped,160,남,30,분노
cropped,161,남,30,분노
cropped,165,여,20,분노
cropped,163,남,50,분노
cropped,162,여,20,분노
cropped,164,남,10,분노
cropped,168,여,50,분노
cropped,166,여,30,분노
cropped,170,여,20,분노
cropped,169,남,20,분노
cropped,171,남,20,분노
cropped,172,여,20,분노
cropped,173,여,20,분노
cropped,176,여,30,분노
cropped,174,여,30,분노
cropped,177,여,30,분노
cropped,175,여,20,분노
cropped,180,남,40,분노
cropped,179,여,20,분노
cropped,178,남,20,분노
cropped,184,남,20,분노
cropped,181,남,30,분노
cropped,185,여,20,분노
cropped,188,여,20,분노
cropped,187,남,20,분노
cropped,189,여,30,분노
cropped,193,여,20,분노
cropped,194,남,30,분노
cropped,192,여,20,분노
cropped,191,남,20,분노
cropped,196,여,20,분노
cropped,197,남,30,분노
cropped,195,여,30,분노
cropped,198,남,40,분노
cropped,199,남,50,분노
cropped,200,여,20,분노
cropped,201,여,40,분노
cropped,202,여,20,분노
cropped,205,남,30,분노
cropped,203,남,20,분노
cropped,206,남,20,분노
cropped,204,남,20,분노
cropped,208,여,20,분노
cropped,207,남,30,분노
cropped,210,여,30,분노
cropped,211,여,20,분노
cropped,212,남,30,분노
cropped,213,여,20,분노
cropped,214,여,20,분노
cropped,215,여,50,분노
cropped,216,남,40,분노
cropped,218,여,20,분노
cropped,219,여,20,분노
cropped,217,여,20,분노
cropped,221,남,40,분노
cropped,224,여,20,분노
cropped,220,여,20,분노
cropped,225,여,20,분노
cropped,226,여,50,분노
cropped,228,여,20,분노
cropped,231,여,50,분노
cropped,230,여,40,분노
cropped,232,여,20,분노
cropped,233,여,20,분노
cropped,234,여,20,분노
cropped,235,여,20,분노
cropped,236,남,20,분노
cropped,237,남,20,분노
cropped,238,남,30,분노
cropped,239,남,50,분노
cropped,240,여,20,분노
cropped,241,여,20,분노
cropped,243,여,40,분노
cropped,244,여,30,분노
cropped,242,여,20,분노
cropped,249,남,20,분노
cropped,245,남,30,분노
cropped,246,남,30,분노
cropped,247,여,40,분노
cropped,251,여,20,분노
cropped,250,여,30,분노
cropped,252,남,20,분노
cropped,253,여,10,분노
cropped,254,남,20,분노
cropped,257,여,20,분노
cropped,258,여,20,분노
cropped,256,여,30,분노
cropped,255,여,20,분노
cropped,259,여,40,분노
cropped,262,여,20,분노
cropped,261,여,30,분노
cropped,260,여,20,분노
cropped,263,여,20,분노
cropped,265,여,30,분노
cropped,264,남,20,분노
cropped,266,여,30,분노
cropped,270,여,20,분노
cropped,269,여,20,분노
cropped,267,남,30,분노
cropped,268,여,20,분노
cropped,272,남,50,분노
cropped,271,남,40,분노
cropped,273,남,20,분노
cropped,277,여,20,분노
cropped,275,남,20,분노
cropped,276,남,10,분노
cropped,274,여,50,분노
cropped,279,남,50,분노
cropped,278,여,20,분노
cropped,280,남,20,분노
cropped,284,남,50,분노
cropped,283,남,30,분노
cropped,281,여,40,분노
cropped,282,여,20,분노
cropped,285,여,30,분노
cropped,287,여,20,분노
cropped,286,여,50,분노
cropped,288,여,20,분노
cropped,289,여,20,분노
cropped,290,여,20,분노
cropped,292,여,30,분노
cropped,293,남,50,분노
cropped,296,남,30,분노
cropped,295,여,30,분노
cropped,294,여,40,분노
cropped,299,남,20,분노
cropped,300,여,30,분노
cropped,298,남,30,분노
cropped,302,남,20,분노
cropped,304,여,20,분노
cropped,306,남,20,분노
cropped,308,여,30,분노
cropped,307,여,30,분노
cropped,309,여,20,분노
cropped,312,남,40,분노
cropped,310,여,40,분노
cropped,311,남,30,분노
cropped,314,남,20,분노
cropped,313,여,20,분노
cropped,315,여,30,분노
cropped,319,남,20,분노
cropped,318,여,20,분노
cropped,316,여,20,분노
cropped,322,남,20,분노
cropped,320,여,30,분노
cropped,323,남,40,분노
cropped,324,여,30,분노
cropped,328,여,30,분노
cropped,326,남,20,분노
cropped,327,남,30,분노
cropped,332,여,30,분노
cropped,329,남,20,분노
cropped,331,여,20,분노
cropped,330,여,20,분노
cropped,333,여,30,분노
cropped,335,남,20,분노
cropped,336,여,30,분노
cropped,338,여,20,분노
cropped,337,남,20,분노
cropped,341,남,20,분노
cropped,339,여,20,분노
cropped,343,여,30,분노
cropped,345,남,20,분노
cropped,342,여,40,분노
cropped,344,여,20,분노
cropped,348,여,10,분노
cropped,347,남,20,분노
cropped,351,남,20,분노
cropped,350,남,20,분노
cropped,349,남,40,분노
cropped,352,남,20,분노
cropped,357,여,20,분노
cropped,355,남,30,분노
cropped,354,여,20,분노
cropped,356,남,30,분노
cropped,353,여,40,분노
cropped,358,남,20,분노
cropped,360,남,40,분노
cropped,363,여,30,분노
cropped,362,남,20,분노
cropped,364,여,20,분노
cropped,366,여,20,분노
cropped,368,여,20,분노
cropped,367,남,20,분노
cropped,365,여,20,분노
cropped,369,여,20,분노
cropped,370,여,30,분노
cropped,371,여,40,분노
cropped,374,남,20,분노
cropped,375,여,30,분노
cropped,372,여,20,분노
cropped,373,남,30,분노
cropped,379,여,20,분노
cropped,376,남,20,분노
cropped,377,여,20,분노
cropped,382,남,20,분노
cropped,381,여,20,분노
cropped,384,남,20,분노
cropped,386,남,30,분노
cropped,390,남,30,분노
cropped,388,여,20,분노
cropped,387,남,20,분노
cropped,391,남,40,분노
cropped,393,여,20,분노
cropped,392,여,20,분노
cropped,397,남,40,분노
cropped,396,남,20,분노
cropped,398,여,20,분노
cropped,401,남,30,분노
cropped,400,여,20,분노
cropped,404,여,20,분노
cropped,403,여,20,분노
cropped,405,여,40,분노
cropped,408,남,20,분노
cropped,407,여,20,분노
cropped,406,여,30,분노
cropped,410,여,20,분노
cropped,409,남,20,분노
cropped,411,여,20,분노
cropped,413,남,20,분노
cropped,414,여,20,분노
cropped,412,남,20,분노
cropped,415,여,20,분노
cropped,417,남,30,분노
cropped,420,여,20,분노
cropped,419,여,20,분노
cropped,418,여,20,분노
cropped,422,남,20,분노
cropped,421,여,30,분노
cropped,424,여,20,분노
cropped,427,남,20,분노
cropped,426,여,20,분노
cropped,429,남,40,분노
cropped,428,여,20,분노
cropped,430,여,20,분노
cropped,434,남,20,분노
cropped,432,남,20,분노
cropped,433,여,20,분노
cropped,431,여,20,분노
cropped,437,여,30,분노
cropped,435,남,20,분노
cropped,438,여,20,분노
cropped,440,남,20,분노
cropped,444,여,30,분노
cropped,442,여,40,분노
cropped,443,여,30,분노
cropped,441,여,20,분노
cropped,445,여,40,분노
cropped,447,여,20,분노
cropped,446,남,20,분노
cropped,449,남,20,분노
cropped,451,남,20,분노
cropped,448,여,50,분노
cropped,450,여,20,분노
cropped,454,남,20,분노
cropped,453,남,20,분노
cropped,452,여,40,분노
cropped,457,남,30,분노
cropped,455,여,20,분노
cropped,456,여,20,분노
cropped,458,여,20,분노
cropped,461,여,40,분노
cropped,459,남,20,분노
cropped,462,남,20,분노
cropped,465,남,20,분노
cropped,463,여,20,분노
cropped,464,남,10,분노
cropped,466,남,20,분노
cropped,468,여,20,분노
cropped,469,여,20,분노
cropped,472,여,20,분노
cropped,470,여,20,분노
cropped,475,여,20,분노
cropped,474,여,50,분노
cropped,473,남,20,분노
cropped,478,여,40,분노
cropped,477,여,20,분노
cropped,476,여,20,분노
cropped,482,여,20,분노
cropped,480,남,20,분노
cropped,479,남,20,분노
cropped,481,남,20,분노
cropped,486,여,20,분노
cropped,484,여,40,분노
cropped,489,여,20,분노
cropped,487,여,20,분노
cropped,488,여,20,분노
cropped,490,남,20,분노
cropped,492,여,30,분노
cropped,491,여,20,분노
cropped,494,남,20,분노
cropped,495,여,20,분노
cropped,493,여,20,분노
cropped,498,여,50,분노
cropped,497,여,30,분노
cropped,496,여,30,분노
cropped,500,남,20,분노
cropped,499,여,20,분노
cropped,504,여,20,분노
cropped,501,여,30,분노
cropped,503,여,20,분노
cropped,502,여,30,분노
cropped,509,여,30,분노
cropped,505,여,20,분노
cropped,512,여,30,분노
cropped,513,여,20,분노
cropped,511,여,30,분노
cropped,515,남,20,분노
cropped,517,여,30,분노
cropped,516,남,20,분노
cropped,518,남,30,분노
cropped,520,여,20,분노
cropped,519,남,20,분노
cropped,522,여,30,분노
cropped,523,남,20,분노
cropped,521,여,40,분노
cropped,526,여,30,분노
cropped,527,여,20,분노
cropped,524,여,30,분노
cropped,530,여,30,분노
cropped,528,남,20,분노
cropped,529,남,30,분노
cropped,535,남,30,분노
cropped,534,남,30,분노
cropped,532,남,20,분노
cropped,531,여,20,분노
cropped,537,남,20,분노
cropped,536,여,20,분노
cropped,538,남,30,분노
cropped,541,여,40,분노
cropped,540,남,50,분노
cropped,542,여,50,분노
cropped,544,남,40,분노
cropped,543,남,20,분노
cropped,547,여,30,분노
cropped,545,여,20,분노
cropped,546,여,40,분노
cropped,548,여,30,분노
cropped,549,여,40,분노
cropped,550,여,30,분노
cropped,554,남,20,분노
cropped,551,남,50,분노
cropped,553,여,20,분노
cropped,555,여,30,분노
cropped,558,여,20,분노
cropped,557,남,30,분노
cropped,561,여,30,분노
cropped,559,남,30,분노
cropped,560,남,40,분노
cropped,562,남,30,분노
cropped,565,여,20,분노
cropped,563,여,20,분노
cropped,564,여,30,분노
cropped,567,남,20,분노
cropped,566,여,20,분노
cropped,568,여,20,분노
cropped,571,남,20,분노
cropped,570,여,20,분노
cropped,569,남,30,분노
cropped,572,남,30,분노
cropped,573,남,10,분노
cropped,577,남,50,분노
cropped,576,여,20,분노
cropped,575,남,20,분노
cropped,578,남,20,분노
cropped,581,남,20,분노
cropped,584,여,40,분노
cropped,582,여,50,분노
cropped,583,남,30,분노
cropped,585,남,20,분노
cropped,588,여,20,분노
cropped,587,여,30,분노
cropped,586,남,30,분노
cropped,590,여,50,분노
cropped,594,여,50,분노
cropped,592,여,20,분노
cropped,593,여,20,분노
cropped,591,남,40,분노
cropped,597,남,20,분노
cropped,598,남,20,분노
cropped,595,여,20,분노
cropped,599,여,20,분노
cropped,602,남,20,분노
cropped,601,여,30,분노
cropped,603,여,20,분노
cropped,605,여,40,분노
cropped,604,남,20,분노
cropped,608,여,20,분노
cropped,609,남,30,분노
cropped,606,여,40,분노
cropped,607,여,20,분노
cropped,611,여,20,분노
cropped,610,남,20,분노
cropped,612,여,20,분노
cropped,613,여,40,분노
cropped,614,남,20,분노
cropped,615,남,20,분노
cropped,619,남,30,분노
cropped,616,여,30,분노
cropped,618,여,30,분노
cropped,617,남,20,분노
cropped,622,여,30,분노
cropped,621,여,50,분노
cropped,620,여,20,분노
cropped,625,여,20,분노
cropped,624,여,30,분노
cropped,628,남,10,분노
cropped,629,여,20,분노
cropped,626,여,50,분노
cropped,627,남,20,분노
cropped,631,여,20,분노
cropped,632,여,30,분노
cropped,630,여,30,분노
cropped,633,남,20,분노
cropped,634,여,20,분노
cropped,638,여,40,분노
cropped,636,남,40,분노
cropped,639,남,30,분노
cropped,637,여,40,분노
cropped,642,여,20,분노
cropped,640,여,20,분노
cropped,641,여,30,분노
cropped,643,여,30,분노
cropped,645,여,20,분노
cropped,644,남,30,분노
cropped,649,여,20,분노
cropped,646,여,20,분노
cropped,647,남,40,분노
cropped,648,남,20,분노
cropped,652,남,20,분노
cropped,650,남,20,분노
cropped,651,여,20,분노
cropped,656,여,20,분노
cropped,655,여,20,분노
cropped,654,여,30,분노
cropped,653,여,50,분노
cropped,657,남,20,분노
cropped,660,여,20,분노
cropped,658,여,20,분노
cropped,664,남,40,분노
cropped,665,남,50,분노
cropped,662,남,20,분노
cropped,663,남,50,분노
cropped,666,여,20,분노
cropped,668,남,20,분노
cropped,669,남,20,분노
cropped,670,여,40,분노
cropped,672,여,30,분노
cropped,671,남,20,분노
cropped,674,남,30,분노
cropped,676,남,30,분노
cropped,675,남,50,분노
cropped,677,여,20,분노
cropped,678,남,20,분노
cropped,679,여,20,분노
cropped,680,여,40,분노
cropped,682,여,20,분노
cropped,683,남,30,분노
cropped,685,여,30,분노
cropped,686,여,30,분노
cropped,684,여,20,분노
cropped,687,여,40,분노
cropped,690,여,20,분노
cropped,688,남,20,분노
cropped,689,남,20,분노
cropped,692,남,10,분노
cropped,691,여,20,분노
cropped,694,여,20,분노
cropped,693,여,20,분노
cropped,697,여,20,분노
cropped,696,여,20,분노
cropped,695,여,20,분노
cropped,700,여,20,분노
cropped,699,여,20,분노
cropped,703,남,20,분노
cropped,701,여,30,분노
cropped,702,여,20,분노
cropped,706,남,20,분노
cropped,704,남,20,분노
cropped,705,여,30,분노
cropped,710,여,20,분노
cropped,708,남,30,분노
cropped,709,남,20,분노
cropped,713,남,30,분노
cropped,712,여,20,분노
cropped,714,남,30,분노
cropped,715,여,20,분노
cropped,717,여,50,분노
cropped,716,여,50,분노
cropped,718,남,20,분노
cropped,720,여,20,분노
cropped,721,남,40,분노
cropped,719,여,20,분노
cropped,723,남,20,분노
cropped,722,여,20,분노
cropped,724,남,20,분노
cropped,725,여,40,분노
cropped,727,여,20,분노
cropped,726,여,20,분노
cropped,731,남,20,분노
cropped,730,여,40,분노
cropped,728,남,20,분노
cropped,735,여,20,분노
cropped,732,남,20,분노
cropped,734,여,30,분노
cropped,733,여,10,분노
cropped,740,여,40,분노
cropped,737,여,20,분노
cropped,739,남,20,분노
cropped,743,남,20,분노
cropped,742,남,20,분노
cropped,746,여,50,분노
cropped,745,여,20,분노
cropped,747,남,20,분노
cropped,749,여,20,분노
cropped,750,여,20,분노
cropped,748,남,50,분노
cropped,752,남,30,분노
cropped,753,여,20,분노
cropped,751,여,20,분노
cropped,754,남,20,분노
cropped,757,남,20,분노
cropped,756,남,30,분노
cropped,759,남,30,분노
cropped,760,여,20,분노
cropped,758,여,20,분노
cropped,761,여,20,분노
cropped,762,여,20,분노
cropped,763,여,20,분노
cropped,765,여,20,분노
cropped,764,여,20,분노
cropped,766,여,20,분노
cropped,767,남,20,분노
cropped,768,남,20,분노
cropped,769,남,50,분노
cropped,771,남,30,분노
cropped,770,여,20,분노
cropped,773,남,30,분노
cropped,774,남,20,분노
cropped,772,여,20,분노
cropped,775,여,20,분노
cropped,776,여,20,분노
cropped,777,여,30,분노
cropped,779,여,20,분노
cropped,778,남,40,분노
cropped,782,남,30,분노
cropped,781,여,20,분노
cropped,783,여,20,분노
cropped,785,여,30,분노
cropped,786,남,20,분노
cropped,787,남,30,분노
cropped,788,남,20,분노
cropped,789,여,50,분노
cropped,791,여,30,분노
cropped,790,여,20,분노
cropped,792,여,20,분노
cropped,793,여,40,분노
cropped,795,여,30,분노
cropped,796,여,20,분노
cropped,797,여,20,분노
cropped,799,여,30,분노
cropped,800,여,10,분노
cropped,801,여,40,분노
cropped,798,남,30,분노
cropped,803,여,50,분노
cropped,804,여,30,분노
cropped,802,여,30,분노
cropped,805,남,20,분노
cropped,806,여,20,분노
cropped,807,여,20,분노
cropped,808,여,20,분노
cropped,809,여,20,분노
cropped,811,여,30,분노
cropped,813,여,40,분노
cropped,812,여,20,분노
cropped,817,남,30,분노
cropped,818,남,40,분노
cropped,816,여,20,분노
cropped,819,남,20,분노
cropped,821,여,20,분노
cropped,823,여,20,분노
cropped,822,남,20,분노
cropped,820,여,20,분노
cropped,824,남,30,분노
cropped,826,남,20,분노
cropped,827,여,20,분노
cropped,825,여,10,분노
cropped,828,남,30,분노
cropped,829,여,20,분노
cropped,831,남,40,분노
cropped,834,여,20,분노
cropped,833,남,20,분노
cropped,832,여,30,분노
cropped,835,여,20,분노
cropped,837,여,20,분노
cropped,839,여,50,분노
cropped,838,남,20,분노
cropped,840,여,20,분노
cropped,841,여,40,분노
cropped,844,여,50,분노
cropped,845,여,20,분노
cropped,842,남,40,분노
cropped,843,여,30,분노
cropped,848,여,30,분노
cropped,847,남,30,분노
cropped,846,여,20,분노
cropped,852,여,30,분노
cropped,849,여,30,분노
cropped,851,남,20,분노
cropped,855,여,20,분노
cropped,854,여,20,분노
cropped,853,여,30,분노
cropped,858,여,20,분노
cropped,859,여,30,분노
cropped,857,남,30,분노
cropped,863,여,20,분노
cropped,860,여,20,분노
cropped,861,남,20,분노
cropped,862,남,20,분노
cropped,864,여,20,분노
cropped,865,여,40,분노
cropped,866,여,20,분노
cropped,867,여,20,분노
cropped,869,여,30,분노
cropped,868,남,20,분노
cropped,870,남,40,분노
cropped,872,남,20,분노
cropped,871,여,30,분노
cropped,873,여,20,분노
cropped,875,여,20,분노
cropped,874,남,20,분노
cropped,879,여,20,분노
cropped,876,여,20,분노
cropped,878,남,20,분노
cropped,881,여,20,분노
cropped,880,여,20,분노
cropped,885,여,20,분노
cropped,884,남,30,분노
cropped,883,여,20,분노
cropped,886,여,20,분노
cropped,889,여,30,분노
cropped,888,여,20,분노
cropped,891,여,40,분노
cropped,890,남,20,분노
cropped,892,남,30,분노
cropped,894,여,20,분노
cropped,899,남,30,분노
cropped,900,여,10,분노
cropped,897,여,30,분노
cropped,896,여,20,분노
cropped,901,여,40,분노
cropped,903,여,10,분노
cropped,904,남,20,분노
cropped,902,여,20,분노
cropped,907,여,20,분노
cropped,905,여,20,분노
cropped,909,여,30,분노
cropped,910,여,20,분노
cropped,908,남,50,분노
cropped,911,여,20,분노
cropped,912,여,20,분노
cropped,913,여,20,분노
cropped,914,여,30,분노
cropped,915,남,20,분노
cropped,918,남,20,분노
cropped,916,남,40,분노
cropped,917,여,30,분노
cropped,919,여,20,분노
cropped,922,여,30,분노
cropped,926,여,50,분노
cropped,925,여,20,분노
cropped,927,여,20,분노
cropped,924,여,20,분노
cropped,930,여,20,분노
cropped,928,여,20,분노
cropped,929,여,20,분노
cropped,933,여,20,분노
cropped,934,남,20,분노
cropped,931,남,20,분노
cropped,932,여,20,분노
cropped,936,남,20,분노
cropped,937,남,20,분노
cropped,935,남,20,분노
cropped,940,여,20,분노
cropped,938,여,20,분노
cropped,939,여,20,분노
cropped,941,여,20,분노
cropped,945,여,20,분노
cropped,942,여,20,분노
cropped,943,여,40,분노
cropped,949,여,30,분노
cropped,946,여,30,분노
cropped,947,여,60,분노
cropped,948,남,40,분노
cropped,952,여,20,분노
cropped,950,남,20,분노
cropped,951,여,30,분노
cropped,957,여,40,분노
cropped,956,남,40,분노
cropped,955,여,30,분노
cropped,953,남,30,분노
cropped,958,여,30,분노
cropped,959,남,50,분노
cropped,960,남,40,분노
cropped,961,남,50,분노
cropped,962,여,20,분노
cropped,964,여,30,분노
cropped,963,여,30,분노
cropped,968,여,20,분노
cropped,966,여,20,분노
cropped,967,남,30,분노
cropped,965,여,40,분노
cropped,971,남,40,분노
cropped,970,여,50,분노
cropped,969,여,20,분노
cropped,972,여,20,분노
cropped,973,여,20,분노
cropped,974,남,20,분노
cropped,975,남,20,분노
cropped,976,여,20,분노
cropped,977,남,20,분노
cropped,978,남,30,분노
cropped,979,여,50,분노
cropped,980,여,20,분노
cropped,981,남,40,분노
cropped,984,여,40,분노
cropped,982,남,20,분노
cropped,986,여,20,분노
cropped,987,남,30,분노
cropped,988,여,20,분노
cropped,992,여,20,분노
cropped,989,여,30,분노
cropped,991,여,30,분노
cropped,990,여,20,분노
cropped,994,여,20,분노
cropped,995,남,30,분노
cropped,993,여,20,분노
cropped,996,남,20,분노
cropped,997,여,20,분노
cropped,999,남,20,분노
cropped,071,남,20,기쁨
cropped,072,여,20,기쁨
cropped,075,여,40,기쁨
cropped,073,여,20,기쁨
cropped,076,남,20,기쁨
cropped,074,여,20,기쁨
cropped,077,남,20,기쁨
cropped,078,남,40,기쁨
cropped,079,남,20,기쁨
cropped,081,남,20,기쁨
cropped,080,남,30,기쁨
cropped,082,남,20,기쁨
cropped,083,남,20,기쁨
cropped,086,남,30,기쁨
cropped,085,여,30,기쁨
cropped,087,여,20,기쁨
cropped,090,남,20,기쁨
cropped,088,남,20,기쁨
cropped,089,남,30,기쁨
cropped,092,남,20,기쁨
cropped,093,여,40,기쁨
cropped,094,여,20,기쁨
cropped,091,여,20,기쁨
cropped,095,여,20,기쁨
cropped,096,여,20,기쁨
cropped,097,남,30,기쁨
cropped,100,여,20,기쁨
cropped,098,여,30,기쁨
cropped,101,여,20,기쁨
cropped,102,남,20,기쁨
cropped,104,남,40,기쁨
cropped,105,남,50,기쁨
cropped,106,여,20,기쁨
cropped,107,남,20,기쁨
cropped,110,여,30,기쁨
cropped,108,남,30,기쁨
cropped,109,남,20,기쁨
cropped,111,여,20,기쁨
cropped,113,여,20,기쁨
cropped,112,남,20,기쁨
cropped,115,여,20,기쁨
cropped,114,여,20,기쁨
cropped,116,여,20,기쁨
cropped,119,여,40,기쁨
cropped,117,남,20,기쁨
cropped,118,남,20,기쁨
cropped,122,여,20,기쁨
cropped,121,여,30,기쁨
cropped,120,남,20,기쁨
cropped,123,여,20,기쁨
cropped,126,여,20,기쁨
cropped,125,여,20,기쁨
cropped,124,여,20,기쁨
cropped,127,남,40,기쁨
cropped,128,남,20,기쁨
cropped,129,여,20,기쁨
cropped,130,여,20,기쁨
cropped,132,남,20,기쁨
cropped,131,여,30,기쁨
cropped,135,여,30,기쁨
cropped,133,여,40,기쁨
cropped,134,여,30,기쁨
cropped,136,남,20,기쁨
cropped,139,여,30,기쁨
cropped,137,남,20,기쁨
cropped,140,남,30,기쁨
cropped,138,남,30,기쁨
cropped,141,남,30,기쁨
cropped,143,여,20,기쁨
cropped,142,여,30,기쁨
cropped,147,남,20,기쁨
cropped,145,남,20,기쁨
cropped,144,남,30,기쁨
cropped,146,여,20,기쁨
cropped,151,남,20,기쁨
cropped,150,남,20,기쁨
cropped,149,여,20,기쁨
cropped,148,여,40,기쁨
cropped,153,남,20,기쁨
cropped,155,남,20,기쁨
cropped,152,여,20,기쁨
cropped,154,여,20,기쁨
cropped,156,남,30,기쁨
cropped,157,남,20,기쁨
cropped,159,여,20,기쁨
cropped,161,여,30,기쁨
cropped,162,남,20,기쁨
cropped,160,여,30,기쁨
cropped,164,여,40,기쁨
cropped,165,남,20,기쁨
cropped,167,남,40,기쁨
cropped,166,여,30,기쁨
cropped,168,여,20,기쁨
cropped,169,여,20,기쁨
cropped,171,여,20,기쁨
cropped,170,남,20,기쁨
cropped,175,여,10,기쁨
cropped,174,남,20,기쁨
cropped,173,여,30,기쁨
cropped,178,남,40,기쁨
cropped,177,여,40,기쁨
cropped,176,여,20,기쁨
cropped,179,남,20,기쁨
cropped,181,여,10,기쁨
cropped,180,여,20,기쁨
cropped,185,여,40,기쁨
cropped,182,여,20,기쁨
cropped,183,남,20,기쁨
cropped,184,여,40,기쁨
cropped,189,여,30,기쁨
cropped,188,여,50,기쁨
cropped,187,남,40,기쁨
cropped,190,여,20,기쁨
cropped,191,여,20,기쁨
cropped,193,여,20,기쁨
cropped,194,여,20,기쁨
cropped,192,남,20,기쁨
cropped,195,여,20,기쁨
cropped,196,여,20,기쁨
cropped,198,남,20,기쁨
cropped,197,남,20,기쁨
cropped,201,남,20,기쁨
cropped,199,여,40,기쁨
cropped,200,여,20,기쁨
cropped,202,여,30,기쁨
cropped,205,남,30,기쁨
cropped,203,여,50,기쁨
cropped,204,여,20,기쁨
cropped,206,여,20,기쁨
cropped,208,남,20,기쁨
cropped,207,여,20,기쁨
cropped,212,남,20,기쁨
cropped,210,남,30,기쁨
cropped,209,남,30,기쁨
cropped,213,남,30,기쁨
cropped,211,여,30,기쁨
cropped,215,여,30,기쁨
cropped,217,남,20,기쁨
cropped,216,여,20,기쁨
cropped,218,남,20,기쁨
cropped,219,남,20,기쁨
cropped,220,남,20,기쁨
cropped,223,남,20,기쁨
cropped,224,여,20,기쁨
cropped,221,여,20,기쁨
cropped,222,남,30,기쁨
cropped,226,여,20,기쁨
cropped,225,남,20,기쁨
cropped,227,여,20,기쁨
cropped,229,여,20,기쁨
cropped,228,여,20,기쁨
cropped,234,여,20,기쁨
cropped,232,여,20,기쁨
cropped,231,여,20,기쁨
cropped,233,여,20,기쁨
cropped,238,여,20,기쁨
cropped,237,여,20,기쁨
cropped,235,남,30,기쁨
cropped,236,남,30,기쁨
cropped,239,여,30,기쁨
cropped,241,여,30,기쁨
cropped,242,남,20,기쁨
cropped,240,여,20,기쁨
cropped,244,남,20,기쁨
cropped,245,남,20,기쁨
cropped,243,남,30,기쁨
cropped,247,남,30,기쁨
cropped,246,남,50,기쁨
cropped,250,남,20,기쁨
cropped,251,여,20,기쁨
cropped,249,남,30,기쁨
cropped,248,여,20,기쁨
cropped,252,남,40,기쁨
cropped,254,여,20,기쁨
cropped,253,여,20,기쁨
cropped,257,여,30,기쁨
cropped,255,여,20,기쁨
cropped,256,남,30,기쁨
cropped,258,남,50,기쁨
cropped,259,여,20,기쁨
cropped,260,남,50,기쁨
cropped,261,남,20,기쁨
cropped,262,남,30,기쁨
cropped,267,여,20,기쁨
cropped,266,여,20,기쁨
cropped,265,여,20,기쁨
cropped,269,여,30,기쁨
cropped,268,여,20,기쁨
cropped,271,여,20,기쁨
cropped,270,남,30,기쁨
cropped,273,여,50,기쁨
cropped,272,여,20,기쁨
cropped,274,남,20,기쁨
cropped,275,남,30,기쁨
cropped,276,여,20,기쁨
cropped,277,여,20,기쁨
cropped,278,남,30,기쁨
cropped,279,여,50,기쁨
cropped,282,남,40,기쁨
cropped,280,남,40,기쁨
cropped,281,여,20,기쁨
cropped,286,남,20,기쁨
cropped,284,여,20,기쁨
cropped,285,남,20,기쁨
cropped,287,여,50,기쁨
cropped,288,여,20,기쁨
cropped,289,여,20,기쁨
cropped,291,여,20,기쁨
cropped,290,여,20,기쁨
cropped,292,여,20,기쁨
cropped,295,여,20,기쁨
cropped,296,남,20,기쁨
cropped,294,남,50,기쁨
cropped,300,남,20,기쁨
cropped,301,여,20,기쁨
cropped,298,남,20,기쁨
cropped,299,여,30,기쁨
cropped,297,여,20,기쁨
cropped,304,여,20,기쁨
cropped,302,남,20,기쁨
cropped,303,남,20,기쁨
cropped,307,여,20,기쁨
cropped,306,남,20,기쁨
cropped,305,여,50,기쁨
cropped,308,남,40,기쁨
cropped,310,여,20,기쁨
cropped,309,여,20,기쁨
cropped,311,남,20,기쁨
cropped,312,남,20,기쁨
cropped,314,여,20,기쁨
cropped,315,남,20,기쁨
cropped,316,여,30,기쁨
cropped,313,남,10,기쁨
cropped,317,여,20,기쁨
cropped,318,남,30,기쁨
cropped,320,남,50,기쁨
cropped,319,남,20,기쁨
cropped,324,남,20,기쁨
cropped,322,남,20,기쁨
cropped,323,남,30,기쁨
cropped,321,여,20,기쁨
cropped,325,여,30,기쁨
cropped,326,남,20,기쁨
cropped,328,여,30,기쁨
cropped,327,여,50,기쁨
cropped,333,남,20,기쁨
cropped,329,여,20,기쁨
cropped,330,여,10,기쁨
cropped,331,남,20,기쁨
cropped,332,남,20,기쁨
cropped,337,여,40,기쁨
cropped,335,여,30,기쁨
cropped,336,여,20,기쁨
cropped,334,여,30,기쁨
cropped,340,남,20,기쁨
cropped,339,남,40,기쁨
cropped,338,남,30,기쁨
cropped,342,여,20,기쁨
cropped,341,남,20,기쁨
cropped,345,여,20,기쁨
cropped,343,남,30,기쁨
cropped,344,여,30,기쁨
cropped,346,남,30,기쁨
cropped,348,남,20,기쁨
cropped,349,여,30,기쁨
cropped,347,여,30,기쁨
cropped,354,여,20,기쁨
cropped,350,여,30,기쁨
cropped,353,여,20,기쁨
cropped,352,남,20,기쁨
cropped,351,여,30,기쁨
cropped,357,남,30,기쁨
cropped,358,남,30,기쁨
cropped,355,여,40,기쁨
cropped,356,여,20,기쁨
cropped,360,여,30,기쁨
cropped,359,남,20,기쁨
cropped,361,여,10,기쁨
cropped,364,여,40,기쁨
cropped,362,남,30,기쁨
cropped,366,남,20,기쁨
cropped,367,여,30,기쁨
cropped,365,남,50,기쁨
cropped,370,여,50,기쁨
cropped,369,남,20,기쁨
cropped,368,여,30,기쁨
cropped,373,여,20,기쁨
cropped,372,남,50,기쁨
cropped,375,여,30,기쁨
cropped,374,여,20,기쁨
cropped,376,여,40,기쁨
cropped,378,여,30,기쁨
cropped,379,여,20,기쁨
cropped,377,여,20,기쁨
cropped,383,여,50,기쁨
cropped,381,여,40,기쁨
cropped,380,남,30,기쁨
cropped,382,남,20,기쁨
cropped,385,여,30,기쁨
cropped,384,남,20,기쁨
cropped,386,남,20,기쁨
cropped,387,여,50,기쁨
cropped,388,남,30,기쁨
cropped,390,여,30,기쁨
cropped,389,남,30,기쁨
cropped,393,남,30,기쁨
cropped,391,남,20,기쁨
cropped,392,여,20,기쁨
cropped,394,남,40,기쁨
cropped,396,남,20,기쁨
cropped,395,남,20,기쁨
cropped,398,여,30,기쁨
cropped,397,여,20,기쁨
cropped,400,여,30,기쁨
cropped,399,여,20,기쁨
cropped,405,남,30,기쁨
cropped,401,여,20,기쁨
cropped,404,여,20,기쁨
cropped,403,남,20,기쁨
cropped,406,여,40,기쁨
cropped,408,남,30,기쁨
cropped,407,남,20,기쁨
cropped,409,여,20,기쁨
cropped,411,여,20,기쁨
cropped,410,여,20,기쁨
cropped,412,남,20,기쁨
cropped,413,남,20,기쁨
cropped,415,여,30,기쁨
cropped,414,남,20,기쁨
cropped,416,여,40,기쁨
cropped,420,남,20,기쁨
cropped,419,여,30,기쁨
cropped,418,남,20,기쁨
cropped,422,여,20,기쁨
cropped,421,여,40,기쁨
cropped,425,여,20,기쁨
cropped,423,여,30,기쁨
cropped,424,남,30,기쁨
cropped,428,남,20,기쁨
cropped,426,여,30,기쁨
cropped,427,여,20,기쁨
cropped,429,남,40,기쁨
cropped,431,남,20,기쁨
cropped,430,남,20,기쁨
cropped,432,여,40,기쁨
cropped,433,여,20,기쁨
cropped,434,남,40,기쁨
cropped,436,남,30,기쁨
cropped,438,남,20,기쁨
cropped,441,남,20,기쁨
cropped,440,남,30,기쁨
cropped,439,여,30,기쁨
cropped,443,남,20,기쁨
cropped,444,여,20,기쁨
cropped,442,여,20,기쁨
cropped,446,여,20,기쁨
cropped,447,여,30,기쁨
cropped,448,남,20,기쁨
cropped,445,남,20,기쁨
cropped,449,남,20,기쁨
cropped,452,남,20,기쁨
cropped,451,여,20,기쁨
cropped,450,남,20,기쁨
cropped,455,남,50,기쁨
cropped,456,여,40,기쁨
cropped,454,여,20,기쁨
cropped,453,남,30,기쁨
cropped,458,남,40,기쁨
cropped,457,남,30,기쁨
cropped,460,여,40,기쁨
cropped,459,남,50,기쁨
cropped,462,여,20,기쁨
cropped,461,여,30,기쁨
cropped,465,남,40,기쁨
cropped,463,여,20,기쁨
cropped,464,여,20,기쁨
cropped,466,남,50,기쁨
cropped,467,여,20,기쁨
cropped,468,여,20,기쁨
cropped,470,여,30,기쁨
cropped,469,여,40,기쁨
cropped,472,남,40,기쁨
cropped,471,남,50,기쁨
cropped,475,여,20,기쁨
cropped,474,여,40,기쁨
cropped,473,여,20,기쁨
cropped,478,남,30,기쁨
cropped,477,남,30,기쁨
cropped,481,여,20,기쁨
cropped,479,여,20,기쁨
cropped,480,여,20,기쁨
cropped,483,여,20,기쁨
cropped,484,여,20,기쁨
cropped,482,여,30,기쁨
cropped,487,여,20,기쁨
cropped,485,남,30,기쁨
cropped,486,여,20,기쁨
cropped,491,남,20,기쁨
cropped,489,여,20,기쁨
cropped,490,남,40,기쁨
cropped,488,남,30,기쁨
cropped,492,여,20,기쁨
cropped,494,여,20,기쁨
cropped,493,남,20,기쁨
cropped,497,여,50,기쁨
cropped,495,남,20,기쁨
cropped,496,남,20,기쁨
cropped,498,남,20,기쁨
cropped,501,여,20,기쁨
cropped,500,남,20,기쁨
cropped,499,남,20,기쁨
cropped,502,여,30,기쁨
cropped,503,남,20,기쁨
cropped,507,남,20,기쁨
cropped,505,여,30,기쁨
cropped,506,여,30,기쁨
cropped,504,남,20,기쁨
cropped,508,여,20,기쁨
cropped,510,여,30,기쁨
cropped,511,여,20,기쁨
cropped,509,남,20,기쁨
cropped,512,남,40,기쁨
cropped,515,남,20,기쁨
cropped,513,여,20,기쁨
cropped,516,남,20,기쁨
cropped,521,여,20,기쁨
cropped,519,여,20,기쁨
cropped,518,남,20,기쁨
cropped,520,남,20,기쁨
cropped,517,남,20,기쁨
cropped,523,남,20,기쁨
cropped,522,남,20,기쁨
cropped,524,여,20,기쁨
cropped,525,남,40,기쁨
cropped,526,여,20,기쁨
cropped,527,남,30,기쁨
cropped,528,남,50,기쁨
cropped,529,남,20,기쁨
cropped,533,남,20,기쁨
cropped,530,여,10,기쁨
cropped,531,여,20,기쁨
cropped,532,남,20,기쁨
cropped,534,남,20,기쁨
cropped,537,남,20,기쁨
cropped,539,여,30,기쁨
cropped,536,남,20,기쁨
cropped,538,여,20,기쁨
cropped,542,남,30,기쁨
cropped,541,남,30,기쁨
cropped,540,여,30,기쁨
cropped,544,남,20,기쁨
cropped,543,여,20,기쁨
cropped,545,남,20,기쁨
cropped,547,남,20,기쁨
cropped,549,여,30,기쁨
cropped,546,남,50,기쁨
cropped,548,여,20,기쁨
cropped,551,남,20,기쁨
cropped,553,남,40,기쁨
cropped,552,남,30,기쁨
cropped,550,남,20,기쁨
cropped,555,여,30,기쁨
cropped,554,여,20,기쁨
cropped,557,여,30,기쁨
cropped,560,남,40,기쁨
cropped,558,여,50,기쁨
cropped,561,남,40,기쁨
cropped,559,여,20,기쁨
cropped,564,여,30,기쁨
cropped,562,남,20,기쁨
cropped,565,남,20,기쁨
cropped,563,여,30,기쁨
cropped,568,여,20,기쁨
cropped,567,여,50,기쁨
cropped,566,남,20,기쁨
cropped,569,여,20,기쁨
cropped,570,남,20,기쁨
cropped,572,남,20,기쁨
cropped,571,여,20,기쁨
cropped,574,여,30,기쁨
cropped,573,남,50,기쁨
cropped,576,남,30,기쁨
cropped,577,남,20,기쁨
cropped,575,여,30,기쁨
cropped,578,여,20,기쁨
cropped,579,남,20,기쁨
cropped,581,남,20,기쁨
cropped,580,남,20,기쁨
cropped,583,여,20,기쁨
cropped,584,남,20,기쁨
cropped,585,여,20,기쁨
cropped,582,남,30,기쁨
cropped,586,남,20,기쁨
cropped,587,여,20,기쁨
cropped,588,여,20,기쁨
cropped,591,남,30,기쁨
cropped,589,남,30,기쁨
cropped,592,여,30,기쁨
cropped,590,남,20,기쁨
cropped,594,여,30,기쁨
cropped,595,남,20,기쁨
cropped,593,여,20,기쁨
cropped,596,남,30,기쁨
cropped,598,남,20,기쁨
cropped,597,남,30,기쁨
cropped,602,여,20,기쁨
cropped,600,남,20,기쁨
cropped,599,남,20,기쁨
cropped,604,남,40,기쁨
cropped,603,남,20,기쁨
cropped,608,남,20,기쁨
cropped,607,여,40,기쁨
cropped,606,여,50,기쁨
cropped,605,여,20,기쁨
cropped,609,여,20,기쁨
cropped,611,남,30,기쁨
cropped,612,여,50,기쁨
cropped,610,여,50,기쁨
cropped,614,남,20,기쁨
cropped,616,여,10,기쁨
cropped,613,여,20,기쁨
cropped,615,남,20,기쁨
cropped,618,남,20,기쁨
cropped,617,여,20,기쁨
cropped,619,여,20,기쁨
cropped,623,여,20,기쁨
cropped,620,여,20,기쁨
cropped,622,남,20,기쁨
cropped,627,여,20,기쁨
cropped,624,남,20,기쁨
cropped,626,여,20,기쁨
cropped,625,남,20,기쁨
cropped,630,여,20,기쁨
cropped,629,여,20,기쁨
cropped,631,여,30,기쁨
cropped,628,남,30,기쁨
cropped,633,여,10,기쁨
cropped,636,남,20,기쁨
cropped,632,남,20,기쁨
cropped,634,남,20,기쁨
cropped,635,여,40,기쁨
cropped,638,남,20,기쁨
cropped,639,여,20,기쁨
cropped,640,여,20,기쁨
cropped,637,남,40,기쁨
cropped,642,여,40,기쁨
cropped,641,남,20,기쁨
cropped,643,여,50,기쁨
cropped,645,여,20,기쁨
cropped,646,여,20,기쁨
cropped,644,남,50,기쁨
cropped,648,남,30,기쁨
cropped,649,남,30,기쁨
cropped,647,남,30,기쁨
cropped,651,남,20,기쁨
cropped,650,남,30,기쁨
cropped,652,여,50,기쁨
cropped,656,남,20,기쁨
cropped,654,남,20,기쁨
cropped,655,남,30,기쁨
cropped,658,남,30,기쁨
cropped,657,여,30,기쁨
cropped,659,남,30,기쁨
cropped,660,여,20,기쁨
cropped,661,남,20,기쁨
cropped,664,남,20,기쁨
cropped,663,여,30,기쁨
cropped,666,남,50,기쁨
cropped,665,여,20,기쁨
cropped,669,여,20,기쁨
cropped,670,여,20,기쁨
cropped,667,남,20,기쁨
cropped,672,남,20,기쁨
cropped,673,여,20,기쁨
cropped,671,여,30,기쁨
cropped,674,여,40,기쁨
cropped,675,남,20,기쁨
cropped,677,여,20,기쁨
cropped,676,여,20,기쁨
cropped,680,남,20,기쁨
cropped,679,여,10,기쁨
cropped,678,남,20,기쁨
cropped,682,남,40,기쁨
cropped,681,남,20,기쁨
cropped,684,남,20,기쁨
cropped,683,여,30,기쁨
cropped,687,여,20,기쁨
cropped,686,여,20,기쁨
cropped,685,여,30,기쁨
cropped,688,남,20,기쁨
cropped,690,여,20,기쁨
cropped,689,남,20,기쁨
cropped,692,여,30,기쁨
cropped,693,여,20,기쁨
cropped,691,남,30,기쁨
cropped,695,남,20,기쁨
cropped,697,남,20,기쁨
cropped,696,남,20,기쁨
cropped,694,남,20,기쁨
cropped,698,남,20,기쁨
cropped,701,여,30,기쁨
cropped,700,남,20,기쁨
cropped,699,남,30,기쁨
cropped,702,여,30,기쁨
cropped,705,여,40,기쁨
cropped,704,여,30,기쁨
cropped,703,여,30,기쁨
cropped,707,남,20,기쁨
cropped,708,여,20,기쁨
cropped,709,여,30,기쁨
cropped,712,여,20,기쁨
cropped,711,여,20,기쁨
cropped,713,남,30,기쁨
cropped,710,여,20,기쁨
cropped,716,남,20,기쁨
cropped,715,여,20,기쁨
cropped,719,여,20,기쁨
cropped,718,여,30,기쁨
cropped,720,남,20,기쁨
cropped,717,여,10,기쁨
cropped,721,남,20,기쁨
cropped,722,남,20,기쁨
cropped,723,여,30,기쁨
cropped,727,여,20,기쁨
cropped,729,여,20,기쁨
cropped,725,여,20,기쁨
cropped,726,여,20,기쁨
cropped,728,남,20,기쁨
cropped,734,남,20,기쁨
cropped,731,여,30,기쁨
cropped,732,여,30,기쁨
cropped,737,여,50,기쁨
cropped,735,여,20,기쁨
cropped,739,여,20,기쁨
cropped,738,남,20,기쁨
cropped,740,여,50,기쁨
cropped,741,남,20,기쁨
cropped,743,여,50,기쁨
cropped,742,여,30,기쁨
cropped,747,남,20,기쁨
cropped,746,남,20,기쁨
cropped,744,남,40,기쁨
cropped,745,남,40,기쁨
cropped,748,남,50,기쁨
cropped,749,여,20,기쁨
cropped,755,남,20,기쁨
cropped,751,남,20,기쁨
cropped,753,남,30,기쁨
cropped,754,남,20,기쁨
cropped,757,여,20,기쁨
cropped,756,남,40,기쁨
cropped,760,여,20,기쁨
cropped,761,여,50,기쁨
cropped,759,남,40,기쁨
cropped,762,여,20,기쁨
cropped,765,남,50,기쁨
cropped,764,남,20,기쁨
cropped,766,여,40,기쁨
cropped,763,여,20,기쁨
cropped,767,남,40,기쁨
cropped,768,여,20,기쁨
cropped,770,여,20,기쁨
cropped,773,여,40,기쁨
cropped,774,남,20,기쁨
cropped,772,여,20,기쁨
cropped,776,남,20,기쁨
cropped,775,여,20,기쁨
cropped,779,여,30,기쁨
cropped,778,남,40,기쁨
cropped,781,남,30,기쁨
cropped,780,여,30,기쁨
cropped,782,남,30,기쁨
cropped,784,여,20,기쁨
cropped,786,여,20,기쁨
cropped,787,여,20,기쁨
cropped,785,여,20,기쁨
cropped,790,남,30,기쁨
cropped,789,남,50,기쁨
cropped,791,여,20,기쁨
cropped,788,여,50,기쁨
cropped,792,남,40,기쁨
cropped,793,남,20,기쁨
cropped,794,여,30,기쁨
cropped,795,여,40,기쁨
cropped,799,남,20,기쁨
cropped,798,여,30,기쁨
cropped,796,남,30,기쁨
cropped,797,남,20,기쁨
cropped,800,남,20,기쁨
cropped,801,남,30,기쁨
cropped,802,여,30,기쁨
cropped,804,남,40,기쁨
cropped,805,남,20,기쁨
cropped,803,여,30,기쁨
cropped,806,남,20,기쁨
cropped,807,남,40,기쁨
cropped,808,여,20,기쁨
cropped,810,여,20,기쁨
cropped,809,여,20,기쁨
cropped,813,여,20,기쁨
cropped,812,여,30,기쁨
cropped,814,남,20,기쁨
cropped,811,여,20,기쁨
cropped,815,여,20,기쁨
cropped,817,여,50,기쁨
cropped,816,여,20,기쁨
cropped,819,여,30,기쁨
cropped,820,여,20,기쁨
cropped,823,여,20,기쁨
cropped,821,여,20,기쁨
cropped,822,남,20,기쁨
cropped,824,여,40,기쁨
cropped,826,남,20,기쁨
cropped,827,남,30,기쁨
cropped,831,여,20,기쁨
cropped,828,여,50,기쁨
cropped,829,남,50,기쁨
cropped,830,남,20,기쁨
cropped,833,남,30,기쁨
cropped,832,남,40,기쁨
cropped,834,여,20,기쁨
cropped,835,남,20,기쁨
cropped,837,여,40,기쁨
cropped,838,남,20,기쁨
cropped,839,여,30,기쁨
cropped,836,남,20,기쁨
cropped,841,남,20,기쁨
cropped,843,남,20,기쁨
cropped,840,남,20,기쁨
cropped,842,여,30,기쁨
cropped,845,남,20,기쁨
cropped,846,남,20,기쁨
cropped,844,남,20,기쁨
cropped,849,남,20,기쁨
cropped,850,여,20,기쁨
cropped,848,여,20,기쁨
cropped,847,남,40,기쁨
cropped,853,남,20,기쁨
cropped,851,남,20,기쁨
cropped,854,여,20,기쁨
cropped,852,여,20,기쁨
cropped,857,여,20,기쁨
cropped,856,여,30,기쁨
cropped,855,여,40,기쁨
cropped,858,여,40,기쁨
cropped,861,남,20,기쁨
cropped,860,여,50,기쁨
cropped,859,여,40,기쁨
cropped,863,여,20,기쁨
cropped,862,남,20,기쁨
cropped,864,남,30,기쁨
cropped,866,여,20,기쁨
cropped,867,여,20,기쁨
cropped,868,남,20,기쁨
cropped,869,남,20,기쁨
cropped,870,남,20,기쁨
cropped,871,여,50,기쁨
cropped,872,여,30,기쁨
cropped,875,여,30,기쁨
cropped,876,여,30,기쁨
cropped,873,여,50,기쁨
cropped,874,여,30,기쁨
cropped,878,여,20,기쁨
cropped,877,남,20,기쁨
cropped,880,여,20,기쁨
cropped,879,여,20,기쁨
cropped,881,여,40,기쁨
cropped,882,여,50,기쁨
cropped,883,여,20,기쁨
cropped,886,남,20,기쁨
cropped,887,남,20,기쁨
cropped,885,남,30,기쁨
cropped,888,여,50,기쁨
cropped,884,남,20,기쁨
cropped,889,여,20,기쁨
cropped,890,여,50,기쁨
cropped,891,여,20,기쁨
cropped,892,남,20,기쁨
cropped,893,남,20,기쁨
cropped,894,남,40,기쁨
cropped,895,여,20,기쁨
cropped,897,여,30,기쁨
cropped,896,여,20,기쁨
cropped,899,남,20,기쁨
cropped,898,여,20,기쁨
cropped,901,남,20,기쁨
cropped,900,남,30,기쁨
cropped,904,여,40,기쁨
cropped,903,남,20,기쁨
cropped,902,남,20,기쁨
cropped,907,여,20,기쁨
cropped,905,여,20,기쁨
cropped,906,남,50,기쁨
cropped,911,여,20,기쁨
cropped,910,남,20,기쁨
cropped,909,남,40,기쁨
cropped,913,여,20,기쁨
cropped,912,남,30,기쁨
cropped,914,남,30,기쁨
cropped,915,여,40,기쁨
cropped,918,남,40,기쁨
cropped,917,남,20,기쁨
cropped,919,여,20,기쁨
cropped,920,남,20,기쁨
cropped,921,남,20,기쁨
cropped,924,남,20,기쁨
cropped,922,여,10,기쁨
cropped,923,여,20,기쁨
cropped,926,여,30,기쁨
cropped,925,여,20,기쁨
cropped,929,여,20,기쁨
cropped,930,남,20,기쁨
cropped,927,여,20,기쁨
cropped,928,여,20,기쁨
cropped,932,여,30,기쁨
cropped,934,남,20,기쁨
cropped,931,여,30,기쁨
cropped,933,여,30,기쁨
cropped,936,여,20,기쁨
cropped,935,남,20,기쁨
cropped,938,여,20,기쁨
cropped,937,여,30,기쁨
cropped,942,남,20,기쁨
cropped,940,남,20,기쁨
cropped,941,남,40,기쁨
cropped,939,여,20,기쁨
cropped,945,여,20,기쁨
cropped,944,여,20,기쁨
cropped,943,남,20,기쁨
cropped,947,여,20,기쁨
cropped,946,여,50,기쁨
cropped,948,여,30,기쁨
cropped,952,여,30,기쁨
cropped,953,여,50,기쁨
cropped,950,여,30,기쁨
cropped,951,남,20,기쁨
cropped,957,남,20,기쁨
cropped,956,여,20,기쁨
cropped,954,남,20,기쁨
cropped,955,남,20,기쁨
cropped,958,남,50,기쁨
cropped,959,여,20,기쁨
cropped,961,여,50,기쁨
cropped,960,남,20,기쁨
cropped,964,남,30,기쁨
cropped,963,여,50,기쁨
cropped,962,여,20,기쁨
cropped,965,여,20,기쁨
cropped,966,남,20,기쁨
cropped,968,여,50,기쁨
cropped,967,여,40,기쁨
cropped,969,여,20,기쁨
cropped,970,여,30,기쁨
cropped,972,남,20,기쁨
cropped,971,여,20,기쁨
cropped,974,여,20,기쁨
cropped,973,여,20,기쁨
cropped,975,여,20,기쁨
cropped,977,여,20,기쁨
cropped,979,여,40,기쁨
cropped,978,여,40,기쁨
cropped,984,남,20,기쁨
cropped,981,여,20,기쁨
cropped,982,남,20,기쁨
cropped,980,여,20,기쁨
cropped,986,남,20,기쁨
cropped,985,여,40,기쁨
cropped,988,여,30,기쁨
cropped,987,남,20,기쁨
cropped,989,여,20,기쁨
cropped,991,남,30,기쁨
cropped,990,남,20,기쁨
cropped,992,남,20,기쁨
cropped,995,여,20,기쁨
cropped,994,남,20,기쁨
cropped,993,남,20,기쁨
cropped,996,여,20,기쁨
cropped,999,여,20,기쁨
cropped,998,남,20,기쁨
cropped,997,남,30,기쁨
cropped,065,남,20,중립
cropped,069,여,30,중립
cropped,068,여,30,중립
cropped,066,남,20,중립
cropped,067,여,40,중립
cropped,070,남,20,중립
cropped,071,여,50,중립
cropped,072,여,20,중립
cropped,074,남,20,중립
cropped,075,남,30,중립
cropped,073,여,20,중립
cropped,079,남,20,중립
cropped,077,여,20,중립
cropped,080,여,20,중립
cropped,082,여,40,중립
cropped,081,남,20,중립
cropped,083,여,40,중립
cropped,084,여,10,중립
cropped,086,여,20,중립
cropped,085,여,20,중립
cropped,087,여,20,중립
cropped,088,남,20,중립
cropped,089,여,30,중립
cropped,090,남,30,중립
cropped,092,여,20,중립
cropped,093,여,30,중립
cropped,096,남,20,중립
cropped,094,여,20,중립
cropped,095,남,20,중립
cropped,097,남,20,중립
cropped,099,여,20,중립
cropped,100,여,20,중립
cropped,098,남,20,중립
cropped,101,여,20,중립
cropped,103,남,40,중립
cropped,102,여,20,중립
cropped,105,여,20,중립
cropped,104,남,20,중립
cropped,107,남,20,중립
cropped,108,남,20,중립
cropped,110,여,20,중립
cropped,109,여,20,중립
cropped,111,남,20,중립
cropped,113,여,20,중립
cropped,114,남,40,중립
cropped,112,여,30,중립
cropped,116,여,20,중립
cropped,115,남,20,중립
cropped,120,여,30,중립
cropped,119,여,30,중립
cropped,118,여,30,중립
cropped,117,여,20,중립
cropped,124,남,20,중립
cropped,123,여,30,중립
cropped,122,남,20,중립
cropped,121,남,20,중립
cropped,126,여,30,중립
cropped,125,여,10,중립
cropped,127,남,30,중립
cropped,128,여,60,중립
cropped,129,남,50,중립
cropped,130,여,20,중립
cropped,131,여,20,중립
cropped,133,여,20,중립
cropped,134,남,20,중립
cropped,132,남,30,중립
cropped,135,여,20,중립
cropped,136,남,20,중립
cropped,137,여,30,중립
cropped,138,남,20,중립
cropped,141,여,20,중립
cropped,140,남,30,중립
cropped,139,여,20,중립
cropped,144,여,20,중립
cropped,142,여,20,중립
cropped,143,여,20,중립
cropped,146,여,40,중립
cropped,145,여,20,중립
cropped,148,남,30,중립
cropped,147,남,20,중립
cropped,151,남,30,중립
cropped,152,남,30,중립
cropped,150,남,20,중립
cropped,149,여,50,중립
cropped,153,여,20,중립
cropped,154,여,30,중립
cropped,155,여,20,중립
cropped,156,남,20,중립
cropped,157,여,30,중립
cropped,158,여,30,중립
cropped,160,여,20,중립
cropped,162,여,20,중립
cropped,159,남,30,중립
cropped,161,여,20,중립
cropped,163,남,20,중립
cropped,164,여,20,중립
cropped,165,여,20,중립
cropped,166,남,20,중립
cropped,167,남,30,중립
cropped,168,여,20,중립
cropped,170,여,20,중립
cropped,169,여,20,중립
cropped,171,남,30,중립
cropped,172,남,30,중립
cropped,173,남,20,중립
cropped,174,여,40,중립
cropped,176,여,20,중립
cropped,175,여,20,중립
cropped,177,남,20,중립
cropped,178,남,30,중립
cropped,179,여,30,중립
cropped,181,여,20,중립
cropped,182,남,20,중립
cropped,183,여,20,중립
cropped,187,남,20,중립
cropped,185,여,30,중립
cropped,186,여,20,중립
cropped,189,여,20,중립
cropped,191,여,20,중립
cropped,190,여,20,중립
cropped,188,여,50,중립
cropped,193,여,20,중립
cropped,194,여,20,중립
cropped,192,남,20,중립
cropped,195,남,50,중립
cropped,196,남,20,중립
cropped,197,남,20,중립
cropped,200,여,30,중립
cropped,201,남,20,중립
cropped,198,여,20,중립
cropped,199,여,30,중립
cropped,205,남,50,중립
cropped,202,여,20,중립
cropped,204,남,20,중립
cropped,206,여,20,중립
cropped,208,여,20,중립
cropped,207,여,20,중립
cropped,209,여,40,중립
cropped,213,남,20,중립
cropped,211,여,20,중립
cropped,210,여,10,중립
cropped,214,여,30,중립
cropped,215,여,30,중립
cropped,216,남,30,중립
cropped,219,여,20,중립
cropped,218,여,20,중립
cropped,217,여,30,중립
cropped,220,여,20,중립
cropped,221,여,30,중립
cropped,222,여,30,중립
cropped,225,여,40,중립
cropped,226,여,20,중립
cropped,224,남,40,중립
cropped,223,남,50,중립
cropped,227,여,30,중립
cropped,229,남,30,중립
cropped,231,남,30,중립
cropped,230,남,30,중립
cropped,232,여,30,중립
cropped,233,남,30,중립
cropped,236,여,30,중립
cropped,235,여,20,중립
cropped,234,여,30,중립
cropped,237,여,20,중립
cropped,238,남,30,중립
cropped,240,여,40,중립
cropped,239,여,40,중립
cropped,242,남,20,중립
cropped,243,남,30,중립
cropped,241,여,30,중립
cropped,244,남,20,중립
cropped,246,남,50,중립
cropped,247,여,10,중립
cropped,245,남,50,중립
cropped,250,남,20,중립
cropped,249,남,20,중립
cropped,248,남,20,중립
cropped,254,남,30,중립
cropped,252,여,50,중립
cropped,251,여,20,중립
cropped,253,남,20,중립
cropped,256,여,40,중립
cropped,257,여,20,중립
cropped,255,여,40,중립
cropped,259,여,20,중립
cropped,260,여,20,중립
cropped,261,여,20,중립
cropped,258,남,20,중립
cropped,262,여,20,중립
cropped,263,남,40,중립
cropped,264,남,40,중립
cropped,266,남,10,중립
cropped,268,남,20,중립
cropped,265,여,20,중립
cropped,267,남,50,중립
cropped,272,남,20,중립
cropped,271,남,20,중립
cropped,269,여,20,중립
cropped,270,남,30,중립
cropped,275,여,20,중립
cropped,273,여,20,중립
cropped,274,여,20,중립
cropped,276,여,20,중립
cropped,277,남,50,중립
cropped,279,남,30,중립
cropped,278,여,20,중립
cropped,281,여,30,중립
cropped,280,남,20,중립
cropped,282,남,20,중립
cropped,284,남,20,중립
cropped,283,남,20,중립
cropped,285,남,30,중립
cropped,286,남,20,중립
cropped,287,남,20,중립
cropped,288,여,30,중립
cropped,289,남,20,중립
cropped,290,남,20,중립
cropped,291,남,40,중립
cropped,292,여,20,중립
cropped,293,여,10,중립
cropped,295,여,20,중립
cropped,294,여,20,중립
cropped,296,남,40,중립
cropped,300,여,30,중립
cropped,299,남,30,중립
cropped,297,남,20,중립
cropped,298,여,30,중립
cropped,302,남,20,중립
cropped,301,여,20,중립
cropped,303,여,30,중립
cropped,304,여,20,중립
cropped,305,남,20,중립
cropped,306,여,30,중립
cropped,308,남,20,중립
cropped,307,남,50,중립
cropped,309,여,30,중립
cropped,312,남,20,중립
cropped,310,남,20,중립
cropped,311,여,20,중립
cropped,313,남,30,중립
cropped,314,여,30,중립
cropped,315,여,10,중립
cropped,320,남,20,중립
cropped,318,남,20,중립
cropped,317,남,30,중립
cropped,319,여,40,중립
cropped,323,여,30,중립
cropped,321,남,30,중립
cropped,324,여,20,중립
cropped,325,여,50,중립
cropped,330,여,30,중립
cropped,329,여,20,중립
cropped,327,여,20,중립
cropped,328,여,50,중립
cropped,334,여,20,중립
cropped,333,여,20,중립
cropped,331,여,30,중립
cropped,332,남,20,중립
cropped,335,남,20,중립
cropped,337,여,20,중립
cropped,338,남,20,중립
cropped,340,남,20,중립
cropped,339,여,40,중립
cropped,341,여,20,중립
cropped,345,남,30,중립
cropped,344,여,20,중립
cropped,342,여,30,중립
cropped,343,여,40,중립
cropped,348,남,30,중립
cropped,347,여,30,중립
cropped,349,여,20,중립
cropped,350,남,50,중립
cropped,352,여,40,중립
cropped,353,여,20,중립
cropped,351,여,20,중립
cropped,354,남,30,중립
cropped,355,남,20,중립
cropped,358,여,20,중립
cropped,356,여,30,중립
cropped,359,남,30,중립
cropped,360,남,20,중립
cropped,364,여,30,중립
cropped,362,여,30,중립
cropped,363,여,20,중립
cropped,366,여,20,중립
cropped,369,남,50,중립
cropped,365,남,40,중립
cropped,367,남,30,중립
cropped,368,여,20,중립
cropped,372,남,20,중립
cropped,370,여,20,중립
cropped,371,여,20,중립
cropped,373,여,50,중립
cropped,374,여,20,중립
cropped,375,여,50,중립
cropped,377,남,20,중립
cropped,378,여,40,중립
cropped,379,여,20,중립
cropped,380,여,30,중립
cropped,382,남,20,중립
cropped,381,남,20,중립
cropped,385,여,20,중립
cropped,384,남,20,중립
cropped,383,여,30,중립
cropped,389,여,20,중립
cropped,387,남,20,중립
cropped,388,남,20,중립
cropped,392,여,30,중립
cropped,393,여,20,중립
cropped,390,여,30,중립
cropped,391,여,20,중립
cropped,394,여,20,중립
cropped,395,여,30,중립
cropped,398,여,20,중립
cropped,396,남,20,중립
cropped,399,남,20,중립
cropped,397,남,20,중립
cropped,400,여,20,중립
cropped,402,남,20,중립
cropped,403,남,20,중립
cropped,401,남,20,중립
cropped,406,남,30,중립
cropped,404,여,20,중립
cropped,405,남,20,중립
cropped,408,남,20,중립
cropped,410,남,20,중립
cropped,407,여,30,중립
cropped,409,여,20,중립
cropped,411,남,20,중립
cropped,412,남,20,중립
cropped,413,여,20,중립
cropped,417,남,20,중립
cropped,415,여,30,중립
cropped,414,여,20,중립
cropped,418,남,20,중립
cropped,419,여,30,중립
cropped,420,여,30,중립
cropped,423,남,20,중립
cropped,425,여,30,중립
cropped,422,여,10,중립
cropped,421,여,20,중립
cropped,424,남,20,중립
cropped,426,남,20,중립
cropped,427,남,30,중립
cropped,428,여,30,중립
cropped,431,남,20,중립
cropped,430,여,20,중립
cropped,429,여,40,중립
cropped,432,남,20,중립
cropped,433,여,50,중립
cropped,434,여,20,중립
cropped,437,여,20,중립
cropped,436,남,30,중립
cropped,438,여,20,중립
cropped,440,여,20,중립
cropped,439,여,30,중립
cropped,443,여,20,중립
cropped,441,남,30,중립
cropped,442,여,50,중립
cropped,444,여,20,중립
cropped,445,여,20,중립
cropped,446,여,20,중립
cropped,447,여,40,중립
cropped,449,여,30,중립
cropped,448,여,20,중립
cropped,451,여,20,중립
cropped,450,남,30,중립
cropped,452,여,20,중립
cropped,455,남,20,중립
cropped,454,여,20,중립
cropped,453,여,20,중립
cropped,456,여,20,중립
cropped,458,남,20,중립
cropped,457,여,20,중립
cropped,459,여,20,중립
cropped,462,남,20,중립
cropped,461,여,20,중립
cropped,460,여,20,중립
cropped,465,여,50,중립
cropped,463,여,20,중립
cropped,464,여,40,중립
cropped,467,여,20,중립
cropped,466,여,20,중립
cropped,468,남,20,중립
cropped,469,여,40,중립
cropped,471,여,20,중립
cropped,470,남,40,중립
cropped,472,여,40,중립
cropped,476,남,30,중립
cropped,473,남,30,중립
cropped,475,남,20,중립
cropped,474,남,20,중립
cropped,478,남,20,중립
cropped,477,여,30,중립
cropped,479,여,40,중립
cropped,480,여,20,중립
cropped,482,여,20,중립
cropped,481,여,20,중립
cropped,486,여,30,중립
cropped,485,여,20,중립
cropped,484,여,20,중립
cropped,489,남,20,중립
cropped,488,남,30,중립
cropped,487,남,20,중립
cropped,493,여,20,중립
cropped,491,남,20,중립
cropped,490,남,20,중립
cropped,492,여,20,중립
cropped,497,남,20,중립
cropped,496,남,20,중립
cropped,494,남,50,중립
cropped,495,남,30,중립
cropped,501,남,30,중립
cropped,499,여,30,중립
cropped,498,남,50,중립
cropped,504,여,30,중립
cropped,505,남,30,중립
cropped,503,남,20,중립
cropped,508,여,20,중립
cropped,507,여,20,중립
cropped,506,남,30,중립
cropped,513,여,20,중립
cropped,512,남,30,중립
cropped,510,여,20,중립
cropped,509,여,20,중립
cropped,511,여,20,중립
cropped,516,여,20,중립
cropped,515,여,10,중립
cropped,517,여,10,중립
cropped,514,남,20,중립
cropped,521,여,30,중립
cropped,520,남,30,중립
cropped,518,남,20,중립
cropped,524,여,20,중립
cropped,523,여,20,중립
cropped,522,남,40,중립
cropped,525,여,20,중립
cropped,526,여,20,중립
cropped,527,여,30,중립
cropped,528,여,20,중립
cropped,531,여,40,중립
cropped,529,남,20,중립
cropped,530,남,30,중립
cropped,532,여,50,중립
cropped,533,남,30,중립
cropped,534,여,20,중립
cropped,535,남,20,중립
cropped,536,남,20,중립
cropped,538,여,20,중립
cropped,537,여,20,중립
cropped,540,여,20,중립
cropped,539,남,20,중립
cropped,541,남,30,중립
cropped,545,여,20,중립
cropped,543,여,40,중립
cropped,542,여,20,중립
cropped,544,남,20,중립
cropped,547,남,20,중립
cropped,549,여,20,중립
cropped,548,여,20,중립
cropped,546,남,20,중립
cropped,550,남,20,중립
cropped,551,여,20,중립
cropped,552,남,50,중립
cropped,554,여,20,중립
cropped,555,남,30,중립
cropped,553,여,20,중립
cropped,558,남,20,중립
cropped,556,여,30,중립
cropped,557,남,20,중립
cropped,559,남,20,중립
cropped,561,남,20,중립
cropped,560,여,40,중립
cropped,562,여,20,중립
cropped,563,여,30,중립
cropped,565,남,20,중립
cropped,568,남,20,중립
cropped,567,남,20,중립
cropped,566,여,30,중립
cropped,572,여,30,중립
cropped,569,여,20,중립
cropped,570,여,20,중립
cropped,573,남,20,중립
cropped,575,여,40,중립
cropped,576,여,20,중립
cropped,579,여,20,중립
cropped,577,남,20,중립
cropped,578,여,20,중립
cropped,581,여,20,중립
cropped,580,여,20,중립
cropped,583,여,20,중립
cropped,582,여,20,중립
cropped,587,여,20,중립
cropped,586,여,20,중립
cropped,588,여,20,중립
cropped,591,여,30,중립
cropped,590,남,20,중립
cropped,589,남,40,중립
cropped,593,여,50,중립
cropped,594,여,20,중립
cropped,592,여,20,중립
cropped,597,남,20,중립
cropped,596,남,30,중립
cropped,595,여,30,중립
cropped,600,여,10,중립
cropped,598,여,20,중립
cropped,599,남,50,중립
cropped,601,남,30,중립
cropped,604,남,20,중립
cropped,602,남,20,중립
cropped,603,남,20,중립
cropped,606,남,20,중립
cropped,608,여,20,중립
cropped,607,여,20,중립
cropped,605,여,30,중립
cropped,609,남,20,중립
cropped,611,여,30,중립
cropped,610,여,20,중립
cropped,614,여,30,중립
cropped,613,여,20,중립
cropped,612,여,20,중립
cropped,617,여,20,중립
cropped,616,여,20,중립
cropped,615,여,30,중립
cropped,618,남,20,중립
cropped,620,여,20,중립
cropped,621,남,20,중립
cropped,619,여,20,중립
cropped,624,여,20,중립
cropped,622,여,50,중립
cropped,623,여,20,중립
cropped,626,여,20,중립
cropped,627,남,20,중립
cropped,625,남,40,중립
cropped,628,여,20,중립
cropped,630,여,20,중립
cropped,629,남,20,중립
cropped,632,남,30,중립
cropped,633,남,20,중립
cropped,631,남,20,중립
cropped,635,여,20,중립
cropped,634,남,20,중립
cropped,636,여,30,중립
cropped,638,남,20,중립
cropped,639,여,20,중립
cropped,643,남,50,중립
cropped,642,여,30,중립
cropped,641,여,20,중립
cropped,646,여,20,중립
cropped,645,여,20,중립
cropped,644,남,20,중립
cropped,648,남,30,중립
cropped,649,여,20,중립
cropped,647,여,30,중립
cropped,651,여,20,중립
cropped,650,남,30,중립
cropped,652,남,30,중립
cropped,653,여,50,중립
cropped,655,여,30,중립
cropped,654,여,20,중립
cropped,656,여,30,중립
cropped,659,여,30,중립
cropped,657,남,20,중립
cropped,658,남,20,중립
cropped,661,남,30,중립
cropped,662,남,20,중립
cropped,664,여,20,중립
cropped,663,여,20,중립
cropped,665,여,20,중립
cropped,667,남,20,중립
cropped,666,여,30,중립
cropped,669,남,20,중립
cropped,668,여,20,중립
cropped,671,여,20,중립
cropped,670,여,20,중립
cropped,673,남,20,중립
cropped,672,남,20,중립
cropped,674,남,20,중립
cropped,675,여,20,중립
cropped,679,여,30,중립
cropped,677,여,20,중립
cropped,676,여,20,중립
cropped,678,남,30,중립
cropped,680,여,20,중립
cropped,681,남,20,중립
cropped,682,남,40,중립
cropped,683,남,50,중립
cropped,684,여,30,중립
cropped,685,남,20,중립
cropped,687,여,20,중립
cropped,686,여,30,중립
cropped,688,여,50,중립
cropped,689,여,40,중립
cropped,690,여,20,중립
cropped,692,남,20,중립
cropped,691,여,20,중립
cropped,694,여,20,중립
cropped,693,남,20,중립
cropped,695,남,20,중립
cropped,697,여,20,중립
cropped,699,여,20,중립
cropped,701,여,30,중립
cropped,698,여,30,중립
cropped,702,여,20,중립
cropped,705,남,30,중립
cropped,706,여,20,중립
cropped,707,여,20,중립
cropped,708,여,20,중립
cropped,709,여,20,중립
cropped,710,여,40,중립
cropped,711,여,20,중립
cropped,712,남,20,중립
cropped,714,여,20,중립
cropped,713,여,30,중립
cropped,715,남,20,중립
cropped,717,남,20,중립
cropped,719,남,20,중립
cropped,718,남,50,중립
cropped,716,여,20,중립
cropped,722,남,30,중립
cropped,723,여,40,중립
cropped,721,여,30,중립
cropped,720,여,20,중립
cropped,726,여,20,중립
cropped,724,남,30,중립
cropped,727,여,20,중립
cropped,730,여,30,중립
cropped,729,여,20,중립
cropped,728,남,30,중립
cropped,735,남,50,중립
cropped,733,남,30,중립
cropped,732,여,20,중립
cropped,731,여,20,중립
cropped,737,여,20,중립
cropped,736,여,20,중립
cropped,738,여,40,중립
cropped,739,여,20,중립
cropped,740,여,20,중립
cropped,742,여,40,중립
cropped,741,여,20,중립
cropped,743,남,20,중립
cropped,744,남,20,중립
cropped,746,남,20,중립
cropped,745,여,20,중립
cropped,747,여,20,중립
cropped,750,남,20,중립
cropped,749,여,20,중립
cropped,751,여,20,중립
cropped,752,남,50,중립
cropped,754,남,20,중립
cropped,753,여,30,중립
cropped,755,남,40,중립
cropped,757,여,20,중립
cropped,756,여,20,중립
cropped,758,여,20,중립
cropped,759,남,30,중립
cropped,761,남,30,중립
cropped,760,여,40,중립
cropped,762,여,20,중립
cropped,764,여,20,중립
cropped,763,남,20,중립
cropped,765,여,30,중립
cropped,766,남,20,중립
cropped,767,남,20,중립
cropped,769,남,50,중립
cropped,770,여,20,중립
cropped,768,여,20,중립
cropped,772,여,20,중립
cropped,773,남,20,중립
cropped,771,여,20,중립
cropped,774,여,20,중립
cropped,776,남,20,중립
cropped,775,여,20,중립
cropped,780,남,20,중립
cropped,777,여,30,중립
cropped,779,여,20,중립
cropped,783,여,20,중립
cropped,781,남,20,중립
cropped,782,남,30,중립
cropped,784,여,20,중립
cropped,785,여,20,중립
cropped,786,남,20,중립
cropped,787,여,20,중립
cropped,789,여,20,중립
cropped,788,여,20,중립
cropped,792,여,20,중립
cropped,793,여,50,중립
cropped,794,여,30,중립
cropped,797,남,20,중립
cropped,798,여,40,중립
cropped,795,여,20,중립
cropped,796,남,30,중립
cropped,800,남,20,중립
cropped,799,여,20,중립
cropped,801,여,20,중립
cropped,803,여,20,중립
cropped,802,여,20,중립
cropped,805,여,30,중립
cropped,806,여,10,중립
cropped,804,남,20,중립
cropped,807,남,20,중립
cropped,808,남,20,중립
cropped,810,남,20,중립
cropped,809,여,30,중립
cropped,811,남,40,중립
cropped,815,남,20,중립
cropped,814,여,20,중립
cropped,812,남,30,중립
cropped,813,여,20,중립
cropped,817,여,50,중립
cropped,819,남,20,중립
cropped,816,여,30,중립
cropped,818,여,30,중립
cropped,820,남,30,중립
cropped,821,여,20,중립
cropped,822,여,40,중립
cropped,823,여,20,중립
cropped,825,남,20,중립
cropped,824,남,20,중립
cropped,826,여,30,중립
cropped,827,여,30,중립
cropped,828,남,50,중립
cropped,829,남,20,중립
cropped,831,여,20,중립
cropped,830,남,20,중립
cropped,834,여,20,중립
cropped,833,여,20,중립
cropped,832,남,50,중립
cropped,835,여,20,중립
cropped,836,남,20,중립
cropped,838,여,30,중립
cropped,837,여,30,중립
cropped,839,남,20,중립
cropped,841,남,20,중립
cropped,840,여,20,중립
cropped,843,여,20,중립
cropped,842,여,20,중립
cropped,844,여,20,중립
cropped,847,남,50,중립
cropped,845,여,20,중립
cropped,846,여,20,중립
cropped,848,남,20,중립
cropped,850,남,20,중립
cropped,849,여,30,중립
cropped,853,여,20,중립
cropped,852,여,20,중립
cropped,855,여,20,중립
cropped,856,남,20,중립
cropped,854,여,20,중립
cropped,858,여,20,중립
cropped,857,여,30,중립
cropped,859,여,20,중립
cropped,860,남,20,중립
cropped,864,남,20,중립
cropped,862,남,20,중립
cropped,863,여,10,중립
cropped,868,여,20,중립
cropped,866,여,30,중립
cropped,867,여,10,중립
cropped,865,여,30,중립
cropped,871,남,50,중립
cropped,869,남,30,중립
cropped,870,여,30,중립
cropped,872,여,40,중립
cropped,873,남,20,중립
cropped,875,남,20,중립
cropped,876,남,40,중립
cropped,877,여,20,중립
cropped,878,여,30,중립
cropped,880,여,20,중립
cropped,879,남,20,중립
cropped,881,여,20,중립
cropped,882,남,30,중립
cropped,885,남,20,중립
cropped,884,여,20,중립
cropped,889,여,30,중립
cropped,886,여,40,중립
cropped,887,여,40,중립
cropped,892,남,20,중립
cropped,893,남,20,중립
cropped,890,남,20,중립
cropped,891,남,50,중립
cropped,895,남,20,중립
cropped,894,남,30,중립
cropped,896,여,20,중립
cropped,898,여,30,중립
cropped,897,여,20,중립
cropped,899,남,30,중립
cropped,901,남,30,중립
cropped,900,남,20,중립
cropped,903,남,20,중립
cropped,902,여,10,중립
cropped,906,남,20,중립
cropped,905,여,20,중립
cropped,904,여,10,중립
cropped,907,여,40,중립
cropped,909,남,20,중립
cropped,911,남,50,중립
cropped,915,여,20,중립
cropped,912,여,20,중립
cropped,913,여,20,중립
cropped,914,여,20,중립
cropped,916,여,20,중립
cropped,919,여,20,중립
cropped,917,남,40,중립
cropped,918,여,30,중립
cropped,921,남,20,중립
cropped,922,남,20,중립
cropped,920,여,30,중립
cropped,923,여,20,중립
cropped,925,여,10,중립
cropped,924,여,20,중립
cropped,928,남,20,중립
cropped,929,남,20,중립
cropped,927,남,20,중립
cropped,930,여,20,중립
cropped,932,여,20,중립
cropped,931,여,30,중립
cropped,936,남,20,중립
cropped,934,여,30,중립
cropped,933,여,20,중립
cropped,935,여,20,중립
cropped,937,남,20,중립
cropped,938,여,50,중립
cropped,939,남,20,중립
cropped,942,여,20,중립
cropped,940,남,20,중립
cropped,943,남,30,중립
cropped,941,여,20,중립
cropped,944,남,20,중립
cropped,946,여,20,중립
cropped,945,남,20,중립
cropped,947,여,20,중립
cropped,948,여,20,중립
cropped,950,남,20,중립
cropped,949,남,20,중립
cropped,952,여,20,중립
cropped,951,여,40,중립
cropped,953,여,30,중립
cropped,956,남,20,중립
cropped,955,여,20,중립
cropped,957,여,20,중립
cropped,954,남,30,중립
cropped,959,여,20,중립
cropped,958,남,20,중립
cropped,960,여,30,중립
cropped,961,여,20,중립
cropped,962,여,30,중립
cropped,964,여,20,중립
cropped,967,여,20,중립
cropped,966,여,20,중립
cropped,970,여,20,중립
cropped,971,여,40,중립
cropped,968,남,30,중립
cropped,974,여,20,중립
cropped,972,남,30,중립
cropped,973,여,20,중립
cropped,977,여,30,중립
cropped,976,여,30,중립
cropped,975,여,40,중립
cropped,980,남,30,중립
cropped,978,남,20,중립
cropped,979,남,20,중립
cropped,981,여,20,중립
cropped,983,남,20,중립
cropped,984,남,20,중립
cropped,982,여,30,중립
cropped,985,남,20,중립
cropped,988,여,20,중립
cropped,987,여,20,중립
cropped,986,남,20,중립
cropped,989,남,20,중립
cropped,990,남,20,중립
cropped,991,여,20,중립
cropped,992,여,20,중립
cropped,995,여,30,중립
cropped,993,여,20,중립
cropped,998,여,20,중립
cropped,996,여,20,중립
cropped,999,남,20,중립
cropped,043,남,40,슬픔
cropped,045,여,20,슬픔
cropped,047,남,30,슬픔
cropped,044,여,40,슬픔
cropped,046,여,20,슬픔
cropped,049,남,50,슬픔
cropped,054,여,20,슬픔
cropped,053,남,20,슬픔
cropped,051,여,10,슬픔
cropped,048,남,20,슬픔
cropped,052,여,30,슬픔
cropped,050,여,20,슬픔
cropped,057,여,20,슬픔
cropped,061,여,10,슬픔
cropped,060,여,20,슬픔
cropped,055,남,30,슬픔
cropped,056,남,30,슬픔
cropped,062,남,20,슬픔
cropped,058,남,30,슬픔
cropped,059,남,20,슬픔
cropped,066,여,40,슬픔
cropped,067,여,30,슬픔
cropped,068,여,20,슬픔
cropped,064,남,20,슬픔
cropped,063,남,40,슬픔
cropped,065,여,20,슬픔
cropped,072,남,20,슬픔
cropped,074,여,30,슬픔
cropped,071,남,20,슬픔
cropped,070,남,30,슬픔
cropped,073,여,20,슬픔
cropped,075,남,30,슬픔
cropped,080,남,40,슬픔
cropped,077,여,30,슬픔
cropped,076,남,20,슬픔
cropped,078,여,20,슬픔
cropped,079,남,30,슬픔
cropped,081,남,20,슬픔
cropped,082,남,30,슬픔
cropped,088,남,20,슬픔
cropped,086,남,50,슬픔
cropped,084,남,20,슬픔
cropped,087,여,20,슬픔
cropped,085,여,30,슬픔
cropped,083,남,20,슬픔
cropped,094,남,20,슬픔
cropped,090,남,20,슬픔
cropped,089,여,30,슬픔
cropped,091,여,30,슬픔
cropped,095,남,20,슬픔
cropped,092,남,20,슬픔
cropped,093,여,30,슬픔
cropped,101,여,20,슬픔
cropped,096,여,30,슬픔
cropped,102,여,50,슬픔
cropped,100,남,20,슬픔
cropped,097,여,20,슬픔
cropped,099,여,20,슬픔
cropped,106,여,30,슬픔
cropped,108,여,30,슬픔
cropped,104,여,30,슬픔
cropped,107,남,50,슬픔
cropped,109,여,40,슬픔
cropped,103,남,50,슬픔
cropped,105,남,40,슬픔
cropped,111,남,50,슬픔
cropped,110,여,50,슬픔
cropped,118,여,30,슬픔
cropped,117,여,20,슬픔
cropped,116,여,30,슬픔
cropped,115,남,20,슬픔
cropped,112,여,40,슬픔
cropped,113,여,50,슬픔
cropped,114,남,20,슬픔
cropped,120,여,20,슬픔
cropped,119,남,30,슬픔
cropped,124,여,20,슬픔
cropped,121,남,30,슬픔
cropped,123,여,20,슬픔
cropped,130,여,20,슬픔
cropped,126,여,30,슬픔
cropped,127,남,20,슬픔
cropped,125,남,50,슬픔
cropped,128,여,20,슬픔
cropped,134,여,20,슬픔
cropped,135,여,20,슬픔
cropped,133,남,20,슬픔
cropped,131,남,30,슬픔
cropped,136,여,20,슬픔
cropped,142,남,20,슬픔
cropped,141,남,30,슬픔
cropped,143,여,30,슬픔
cropped,137,남,20,슬픔
cropped,139,여,20,슬픔
cropped,138,여,10,슬픔
cropped,147,남,30,슬픔
cropped,148,여,20,슬픔
cropped,144,여,30,슬픔
cropped,150,여,20,슬픔
cropped,149,남,20,슬픔
cropped,146,남,20,슬픔
cropped,151,여,30,슬픔
cropped,155,남,20,슬픔
cropped,156,남,40,슬픔
cropped,154,남,20,슬픔
cropped,152,여,20,슬픔
cropped,153,여,30,슬픔
cropped,157,여,40,슬픔
cropped,159,여,20,슬픔
cropped,160,남,20,슬픔
cropped,163,여,30,슬픔
cropped,164,남,20,슬픔
cropped,158,여,20,슬픔
cropped,162,남,20,슬픔
cropped,165,남,20,슬픔
cropped,166,남,40,슬픔
cropped,167,여,20,슬픔
cropped,169,여,30,슬픔
cropped,168,여,10,슬픔
cropped,171,여,30,슬픔
cropped,170,남,50,슬픔
cropped,173,남,20,슬픔
cropped,172,여,20,슬픔
cropped,175,여,40,슬픔
cropped,178,남,30,슬픔
cropped,174,여,40,슬픔
cropped,177,여,20,슬픔
cropped,183,남,20,슬픔
cropped,179,여,40,슬픔
cropped,182,여,30,슬픔
cropped,181,남,20,슬픔
cropped,184,여,20,슬픔
cropped,185,여,20,슬픔
cropped,180,여,20,슬픔
cropped,187,여,30,슬픔
cropped,191,여,20,슬픔
cropped,189,여,20,슬픔
cropped,188,여,20,슬픔
cropped,186,여,20,슬픔
cropped,190,남,50,슬픔
cropped,197,남,20,슬픔
cropped,196,남,50,슬픔
cropped,194,여,20,슬픔
cropped,192,여,20,슬픔
cropped,198,남,20,슬픔
cropped,193,남,20,슬픔
cropped,195,남,50,슬픔
cropped,199,남,20,슬픔
cropped,202,남,20,슬픔
cropped,205,여,20,슬픔
cropped,203,여,50,슬픔
cropped,201,남,20,슬픔
cropped,204,여,20,슬픔
cropped,208,여,20,슬픔
cropped,206,남,30,슬픔
cropped,207,여,30,슬픔
cropped,210,여,20,슬픔
cropped,209,여,20,슬픔
cropped,211,남,20,슬픔
cropped,212,여,20,슬픔
cropped,216,여,20,슬픔
cropped,213,여,20,슬픔
cropped,215,여,20,슬픔
cropped,214,남,20,슬픔
cropped,218,남,50,슬픔
cropped,217,여,10,슬픔
cropped,220,남,20,슬픔
cropped,219,여,20,슬픔
cropped,227,여,20,슬픔
cropped,224,여,30,슬픔
cropped,223,여,30,슬픔
cropped,225,여,20,슬픔
cropped,226,여,30,슬픔
cropped,228,여,20,슬픔
cropped,222,여,20,슬픔
cropped,230,남,20,슬픔
cropped,232,여,20,슬픔
cropped,234,남,30,슬픔
cropped,231,여,20,슬픔
cropped,233,여,20,슬픔
cropped,229,남,30,슬픔
cropped,237,남,20,슬픔
cropped,241,여,20,슬픔
cropped,239,남,30,슬픔
cropped,235,남,20,슬픔
cropped,240,여,40,슬픔
cropped,238,여,20,슬픔
cropped,236,남,20,슬픔
cropped,248,남,20,슬픔
cropped,246,남,30,슬픔
cropped,245,남,20,슬픔
cropped,242,남,30,슬픔
cropped,247,여,20,슬픔
cropped,243,여,20,슬픔
cropped,244,여,30,슬픔
cropped,249,여,20,슬픔
cropped,254,남,20,슬픔
cropped,251,여,20,슬픔
cropped,250,남,20,슬픔
cropped,252,여,20,슬픔
cropped,259,여,30,슬픔
cropped,256,남,30,슬픔
cropped,260,여,30,슬픔
cropped,258,남,20,슬픔
cropped,255,여,30,슬픔
cropped,262,남,20,슬픔
cropped,264,남,20,슬픔
cropped,267,남,30,슬픔
cropped,265,남,40,슬픔
cropped,261,남,20,슬픔
cropped,271,여,50,슬픔
cropped,269,여,20,슬픔
cropped,272,여,20,슬픔
cropped,268,여,20,슬픔
cropped,273,여,20,슬픔
cropped,270,남,20,슬픔
cropped,280,남,50,슬픔
cropped,277,남,20,슬픔
cropped,274,여,20,슬픔
cropped,276,남,20,슬픔
cropped,278,여,50,슬픔
cropped,279,남,20,슬픔
cropped,281,여,40,슬픔
cropped,275,여,20,슬픔
cropped,288,여,30,슬픔
cropped,285,여,20,슬픔
cropped,289,남,40,슬픔
cropped,286,여,50,슬픔
cropped,287,여,30,슬픔
cropped,284,여,20,슬픔
cropped,290,남,20,슬픔
cropped,296,남,20,슬픔
cropped,295,여,50,슬픔
cropped,291,여,50,슬픔
cropped,297,여,30,슬픔
cropped,294,여,20,슬픔
cropped,292,남,30,슬픔
cropped,302,여,30,슬픔
cropped,299,남,20,슬픔
cropped,300,여,20,슬픔
cropped,304,여,20,슬픔
cropped,298,여,10,슬픔
cropped,303,남,20,슬픔
cropped,301,여,20,슬픔
cropped,306,여,20,슬픔
cropped,311,여,20,슬픔
cropped,308,여,20,슬픔
cropped,305,여,40,슬픔
cropped,309,남,50,슬픔
cropped,310,남,20,슬픔
cropped,307,남,30,슬픔
cropped,314,남,40,슬픔
cropped,313,여,20,슬픔
cropped,312,남,20,슬픔
cropped,316,남,20,슬픔
cropped,315,남,30,슬픔
cropped,322,여,30,슬픔
cropped,323,여,40,슬픔
cropped,319,여,30,슬픔
cropped,321,여,40,슬픔
cropped,318,여,30,슬픔
cropped,320,여,30,슬픔
cropped,317,여,20,슬픔
cropped,327,여,20,슬픔
cropped,330,남,20,슬픔
cropped,325,남,20,슬픔
cropped,328,여,40,슬픔
cropped,324,남,20,슬픔
cropped,329,여,20,슬픔
cropped,336,여,30,슬픔
cropped,337,여,50,슬픔
cropped,335,여,30,슬픔
cropped,333,여,20,슬픔
cropped,332,남,30,슬픔
cropped,334,여,20,슬픔
cropped,331,여,20,슬픔
cropped,340,남,20,슬픔
cropped,342,남,20,슬픔
cropped,341,남,20,슬픔
cropped,339,여,30,슬픔
cropped,343,남,20,슬픔
cropped,338,여,20,슬픔
cropped,344,남,50,슬픔
cropped,345,여,20,슬픔
cropped,347,여,50,슬픔
cropped,349,여,40,슬픔
cropped,348,여,20,슬픔
cropped,346,여,20,슬픔
cropped,352,남,20,슬픔
cropped,354,여,20,슬픔
cropped,351,여,30,슬픔
cropped,350,여,20,슬픔
cropped,355,여,20,슬픔
cropped,353,남,30,슬픔
cropped,361,여,20,슬픔
cropped,359,여,20,슬픔
cropped,363,남,50,슬픔
cropped,358,남,20,슬픔
cropped,362,남,20,슬픔
cropped,368,남,20,슬픔
cropped,367,여,20,슬픔
cropped,369,여,10,슬픔
cropped,370,여,30,슬픔
cropped,365,남,20,슬픔
cropped,366,남,20,슬픔
cropped,377,여,30,슬픔
cropped,372,여,30,슬픔
cropped,376,여,30,슬픔
cropped,374,남,20,슬픔
cropped,371,남,20,슬픔
cropped,375,여,20,슬픔
cropped,379,남,20,슬픔
cropped,384,남,30,슬픔
cropped,382,남,30,슬픔
cropped,380,여,20,슬픔
cropped,381,여,30,슬픔
cropped,378,여,20,슬픔
cropped,383,남,50,슬픔
cropped,390,남,30,슬픔
cropped,391,남,30,슬픔
cropped,385,남,30,슬픔
cropped,389,남,20,슬픔
cropped,387,여,20,슬픔
cropped,388,여,40,슬픔
cropped,386,남,20,슬픔
cropped,398,여,20,슬픔
cropped,394,여,20,슬픔
cropped,396,남,30,슬픔
cropped,393,여,20,슬픔
cropped,392,여,40,슬픔
cropped,397,여,30,슬픔
cropped,395,남,30,슬픔
cropped,401,여,20,슬픔
cropped,406,남,20,슬픔
cropped,402,여,40,슬픔
cropped,399,여,30,슬픔
cropped,400,남,50,슬픔
cropped,404,여,30,슬픔
cropped,405,여,20,슬픔
cropped,407,남,20,슬픔
cropped,410,남,20,슬픔
cropped,412,여,20,슬픔
cropped,409,여,40,슬픔
cropped,408,남,20,슬픔
cropped,413,여,30,슬픔
cropped,411,남,20,슬픔
cropped,415,여,20,슬픔
cropped,418,여,40,슬픔
cropped,416,남,20,슬픔
cropped,417,여,30,슬픔
cropped,419,여,20,슬픔
cropped,414,여,20,슬픔
cropped,425,남,20,슬픔
cropped,420,여,20,슬픔
cropped,421,여,50,슬픔
cropped,422,여,20,슬픔
cropped,426,여,20,슬픔
cropped,423,여,20,슬픔
cropped,424,여,20,슬픔
cropped,433,남,20,슬픔
cropped,428,여,50,슬픔
cropped,429,여,20,슬픔
cropped,430,여,20,슬픔
cropped,427,여,20,슬픔
cropped,432,남,20,슬픔
cropped,435,여,20,슬픔
cropped,434,남,20,슬픔
cropped,437,여,30,슬픔
cropped,439,남,20,슬픔
cropped,438,여,30,슬픔
cropped,436,여,20,슬픔
cropped,445,여,20,슬픔
cropped,446,여,20,슬픔
cropped,443,여,20,슬픔
cropped,440,여,30,슬픔
cropped,441,여,30,슬픔
cropped,444,남,30,슬픔
cropped,442,여,20,슬픔
cropped,447,여,40,슬픔
cropped,449,여,20,슬픔
cropped,448,여,30,슬픔
cropped,450,남,20,슬픔
cropped,452,남,40,슬픔
cropped,453,남,40,슬픔
cropped,451,여,30,슬픔
cropped,455,여,30,슬픔
cropped,454,여,20,슬픔
cropped,457,남,20,슬픔
cropped,456,여,30,슬픔
cropped,460,남,30,슬픔
cropped,464,여,20,슬픔
cropped,463,여,20,슬픔
cropped,465,남,30,슬픔
cropped,461,여,20,슬픔
cropped,469,여,40,슬픔
cropped,466,여,20,슬픔
cropped,470,여,20,슬픔
cropped,468,여,40,슬픔
cropped,471,여,10,슬픔
cropped,467,여,50,슬픔
cropped,474,여,20,슬픔
cropped,475,여,20,슬픔
cropped,476,여,30,슬픔
cropped,477,여,20,슬픔
cropped,478,여,50,슬픔
cropped,479,여,50,슬픔
cropped,486,여,20,슬픔
cropped,482,여,20,슬픔
cropped,485,남,20,슬픔
cropped,481,남,20,슬픔
cropped,483,남,40,슬픔
cropped,480,남,20,슬픔
cropped,489,남,20,슬픔
cropped,488,남,30,슬픔
cropped,491,여,20,슬픔
cropped,492,여,20,슬픔
cropped,490,여,20,슬픔
cropped,487,남,30,슬픔
cropped,495,여,20,슬픔
cropped,494,여,20,슬픔
cropped,497,남,40,슬픔
cropped,498,여,20,슬픔
cropped,493,여,40,슬픔
cropped,496,여,20,슬픔
cropped,503,여,20,슬픔
cropped,499,여,20,슬픔
cropped,504,여,20,슬픔
cropped,501,여,10,슬픔
cropped,502,남,20,슬픔
cropped,500,여,20,슬픔
cropped,505,여,20,슬픔
cropped,509,여,20,슬픔
cropped,508,여,20,슬픔
cropped,506,여,20,슬픔
cropped,512,여,20,슬픔
cropped,507,남,20,슬픔
cropped,511,남,20,슬픔
cropped,510,여,40,슬픔
cropped,515,여,40,슬픔
cropped,516,남,20,슬픔
cropped,514,여,30,슬픔
cropped,513,여,20,슬픔
cropped,518,남,30,슬픔
cropped,517,여,40,슬픔
cropped,521,남,20,슬픔
cropped,522,남,30,슬픔
cropped,523,여,20,슬픔
cropped,520,남,20,슬픔
cropped,524,여,20,슬픔
cropped,519,여,20,슬픔
cropped,527,남,40,슬픔
cropped,528,남,20,슬픔
cropped,525,남,20,슬픔
cropped,526,여,20,슬픔
cropped,530,여,30,슬픔
cropped,529,남,20,슬픔
cropped,538,남,30,슬픔
cropped,532,여,20,슬픔
cropped,537,남,20,슬픔
cropped,534,여,20,슬픔
cropped,535,남,20,슬픔
cropped,533,여,20,슬픔
cropped,536,여,20,슬픔
cropped,539,여,20,슬픔
cropped,541,여,20,슬픔
cropped,542,여,20,슬픔
cropped,540,남,20,슬픔
cropped,543,여,30,슬픔
cropped,544,여,20,슬픔
cropped,546,여,20,슬픔
cropped,550,여,10,슬픔
cropped,545,남,20,슬픔
cropped,548,남,20,슬픔
cropped,549,여,20,슬픔
cropped,557,여,20,슬픔
cropped,552,여,20,슬픔
cropped,553,남,20,슬픔
cropped,556,남,30,슬픔
cropped,554,남,30,슬픔
cropped,555,남,20,슬픔
cropped,558,여,20,슬픔
cropped,562,여,20,슬픔
cropped,559,여,20,슬픔
cropped,561,남,20,슬픔
cropped,560,여,20,슬픔
cropped,570,여,40,슬픔
cropped,569,남,30,슬픔
cropped,565,여,30,슬픔
cropped,566,남,20,슬픔
cropped,564,남,20,슬픔
cropped,563,여,20,슬픔
cropped,573,여,20,슬픔
cropped,576,남,20,슬픔
cropped,574,여,20,슬픔
cropped,571,여,20,슬픔
cropped,572,남,20,슬픔
cropped,582,남,40,슬픔
cropped,578,남,20,슬픔
cropped,579,남,20,슬픔
cropped,581,남,20,슬픔
cropped,580,여,20,슬픔
cropped,577,여,50,슬픔
cropped,588,여,20,슬픔
cropped,583,남,20,슬픔
cropped,584,여,20,슬픔
cropped,587,남,20,슬픔
cropped,586,여,30,슬픔
cropped,585,남,20,슬픔
cropped,594,여,20,슬픔
cropped,590,여,20,슬픔
cropped,591,남,20,슬픔
cropped,589,남,20,슬픔
cropped,592,남,30,슬픔
cropped,593,여,20,슬픔
cropped,596,여,20,슬픔
cropped,595,남,50,슬픔
cropped,599,남,20,슬픔
cropped,598,여,20,슬픔
cropped,601,여,30,슬픔
cropped,602,여,60,슬픔
cropped,600,남,20,슬픔
cropped,603,여,30,슬픔
cropped,597,여,20,슬픔
cropped,608,여,20,슬픔
cropped,610,남,20,슬픔
cropped,605,남,30,슬픔
cropped,607,여,20,슬픔
cropped,609,여,50,슬픔
cropped,606,여,40,슬픔
cropped,611,여,30,슬픔
cropped,614,여,20,슬픔
cropped,612,여,30,슬픔
cropped,615,여,20,슬픔
cropped,613,남,20,슬픔
cropped,616,남,20,슬픔
cropped,617,여,40,슬픔
cropped,618,여,30,슬픔
cropped,620,남,40,슬픔
cropped,624,여,20,슬픔
cropped,623,남,10,슬픔
cropped,622,남,20,슬픔
cropped,621,여,50,슬픔
cropped,619,여,10,슬픔
cropped,627,여,30,슬픔
cropped,629,여,20,슬픔
cropped,628,남,20,슬픔
cropped,625,여,30,슬픔
cropped,626,여,20,슬픔
cropped,633,여,50,슬픔
cropped,630,남,20,슬픔
cropped,632,여,40,슬픔
cropped,636,여,20,슬픔
cropped,637,남,20,슬픔
cropped,638,남,20,슬픔
cropped,639,남,20,슬픔
cropped,640,남,20,슬픔
cropped,646,여,30,슬픔
cropped,648,여,10,슬픔
cropped,642,여,50,슬픔
cropped,644,여,20,슬픔
cropped,645,남,20,슬픔
cropped,647,여,40,슬픔
cropped,643,남,30,슬픔
cropped,641,남,20,슬픔
cropped,655,여,20,슬픔
cropped,649,여,20,슬픔
cropped,656,여,20,슬픔
cropped,654,여,20,슬픔
cropped,650,남,20,슬픔
cropped,651,여,20,슬픔
cropped,660,여,20,슬픔
cropped,658,여,20,슬픔
cropped,657,여,20,슬픔
cropped,659,여,30,슬픔
cropped,664,여,20,슬픔
cropped,665,남,20,슬픔
cropped,669,남,20,슬픔
cropped,668,여,20,슬픔
cropped,667,여,20,슬픔
cropped,666,여,30,슬픔
cropped,670,여,50,슬픔
cropped,674,여,20,슬픔
cropped,672,남,20,슬픔
cropped,671,여,20,슬픔
cropped,673,남,20,슬픔
cropped,677,여,20,슬픔
cropped,678,여,20,슬픔
cropped,675,여,20,슬픔
cropped,676,남,20,슬픔
cropped,679,여,20,슬픔
cropped,681,여,20,슬픔
cropped,682,여,20,슬픔
cropped,680,여,20,슬픔
cropped,684,여,20,슬픔
cropped,686,남,30,슬픔
cropped,687,여,20,슬픔
cropped,690,남,50,슬픔
cropped,685,남,20,슬픔
cropped,689,여,20,슬픔
cropped,688,남,20,슬픔
cropped,692,여,20,슬픔
cropped,696,남,20,슬픔
cropped,691,남,20,슬픔
cropped,694,남,50,슬픔
cropped,697,여,20,슬픔
cropped,693,여,20,슬픔
cropped,695,남,20,슬픔
cropped,698,여,10,슬픔
cropped,703,남,20,슬픔
cropped,702,여,20,슬픔
cropped,700,남,20,슬픔
cropped,699,남,20,슬픔
cropped,704,여,40,슬픔
cropped,701,여,30,슬픔
cropped,710,여,20,슬픔
cropped,706,여,20,슬픔
cropped,708,남,20,슬픔
cropped,711,여,20,슬픔
cropped,705,남,20,슬픔
cropped,709,남,30,슬픔
cropped,707,여,20,슬픔
cropped,712,남,40,슬픔
cropped,717,여,20,슬픔
cropped,715,여,20,슬픔
cropped,714,여,20,슬픔
cropped,716,남,20,슬픔
cropped,713,여,20,슬픔
cropped,723,여,40,슬픔
cropped,718,여,30,슬픔
cropped,719,여,20,슬픔
cropped,724,여,30,슬픔
cropped,725,남,20,슬픔
cropped,722,여,20,슬픔
cropped,721,여,30,슬픔
cropped,731,남,20,슬픔
cropped,726,여,30,슬픔
cropped,730,남,20,슬픔
cropped,733,여,30,슬픔
cropped,732,남,30,슬픔
cropped,737,여,30,슬픔
cropped,734,남,30,슬픔
cropped,738,남,50,슬픔
cropped,735,남,20,슬픔
cropped,741,남,20,슬픔
cropped,743,남,30,슬픔
cropped,745,남,30,슬픔
cropped,740,여,20,슬픔
cropped,744,여,20,슬픔
cropped,742,여,20,슬픔
cropped,747,여,30,슬픔
cropped,748,여,30,슬픔
cropped,752,여,30,슬픔
cropped,750,여,30,슬픔
cropped,751,여,20,슬픔
cropped,746,남,20,슬픔
cropped,749,여,20,슬픔
cropped,756,여,20,슬픔
cropped,755,남,40,슬픔
cropped,757,여,20,슬픔
cropped,763,여,20,슬픔
cropped,760,여,40,슬픔
cropped,758,남,50,슬픔
cropped,762,여,20,슬픔
cropped,761,남,20,슬픔
cropped,759,남,40,슬픔
cropped,766,여,20,슬픔
cropped,768,여,30,슬픔
cropped,769,여,20,슬픔
cropped,770,여,30,슬픔
cropped,765,남,20,슬픔
cropped,764,남,20,슬픔
cropped,767,여,50,슬픔
cropped,773,남,20,슬픔
cropped,776,여,30,슬픔
cropped,772,여,20,슬픔
cropped,771,여,20,슬픔
cropped,774,여,10,슬픔
cropped,779,남,20,슬픔
cropped,777,여,20,슬픔
cropped,778,여,30,슬픔
cropped,781,여,20,슬픔
cropped,780,여,20,슬픔
cropped,786,남,20,슬픔
cropped,782,여,30,슬픔
cropped,784,여,20,슬픔
cropped,785,남,30,슬픔
cropped,783,여,20,슬픔
cropped,790,남,20,슬픔
cropped,789,남,20,슬픔
cropped,787,여,20,슬픔
cropped,791,여,40,슬픔
cropped,788,남,20,슬픔
cropped,797,남,30,슬픔
cropped,793,남,30,슬픔
cropped,795,여,40,슬픔
cropped,792,남,20,슬픔
cropped,796,남,20,슬픔
cropped,794,여,30,슬픔
cropped,801,여,10,슬픔
cropped,799,남,30,슬픔
cropped,802,여,40,슬픔
cropped,798,남,20,슬픔
cropped,800,여,20,슬픔
cropped,804,남,30,슬픔
cropped,803,여,20,슬픔
cropped,806,여,30,슬픔
cropped,805,여,20,슬픔
cropped,808,여,20,슬픔
cropped,811,여,20,슬픔
cropped,814,남,20,슬픔
cropped,812,남,40,슬픔
cropped,813,남,30,슬픔
cropped,809,여,20,슬픔
cropped,815,여,40,슬픔
cropped,818,여,20,슬픔
cropped,816,여,20,슬픔
cropped,820,여,20,슬픔
cropped,819,남,20,슬픔
cropped,817,남,20,슬픔
cropped,822,남,20,슬픔
cropped,826,남,20,슬픔
cropped,825,남,20,슬픔
cropped,824,여,20,슬픔
cropped,829,남,20,슬픔
cropped,827,여,30,슬픔
cropped,828,여,50,슬픔
cropped,823,여,30,슬픔
cropped,831,남,20,슬픔
cropped,833,여,10,슬픔
cropped,834,여,30,슬픔
cropped,835,남,20,슬픔
cropped,832,남,20,슬픔
cropped,836,여,10,슬픔
cropped,837,여,20,슬픔
cropped,839,여,10,슬픔
cropped,841,여,20,슬픔
cropped,844,남,20,슬픔
cropped,842,여,50,슬픔
cropped,840,여,20,슬픔
cropped,843,여,30,슬픔
cropped,845,남,20,슬픔
cropped,846,남,20,슬픔
cropped,847,남,20,슬픔
cropped,851,여,20,슬픔
cropped,849,남,20,슬픔
cropped,850,여,30,슬픔
cropped,848,여,30,슬픔
cropped,852,여,20,슬픔
cropped,859,여,20,슬픔
cropped,854,여,30,슬픔
cropped,858,남,30,슬픔
cropped,853,남,20,슬픔
cropped,856,여,30,슬픔
cropped,855,여,20,슬픔
cropped,857,여,40,슬픔
cropped,861,여,20,슬픔
cropped,862,여,20,슬픔
cropped,860,여,20,슬픔
cropped,863,남,50,슬픔
cropped,869,여,20,슬픔
cropped,868,여,20,슬픔
cropped,864,남,20,슬픔
cropped,865,여,20,슬픔
cropped,867,남,30,슬픔
cropped,872,남,20,슬픔
cropped,870,여,50,슬픔
cropped,876,남,40,슬픔
cropped,874,남,40,슬픔
cropped,875,여,10,슬픔
cropped,873,여,20,슬픔
cropped,877,여,20,슬픔
cropped,886,여,20,슬픔
cropped,885,여,20,슬픔
cropped,879,여,20,슬픔
cropped,884,남,30,슬픔
cropped,881,남,20,슬픔
cropped,882,여,30,슬픔
cropped,883,남,30,슬픔
cropped,878,남,40,슬픔
cropped,894,여,30,슬픔
cropped,893,남,20,슬픔
cropped,890,여,20,슬픔
cropped,888,여,20,슬픔
cropped,889,여,50,슬픔
cropped,892,남,50,슬픔
cropped,896,남,30,슬픔
cropped,898,여,20,슬픔
cropped,900,여,30,슬픔
cropped,895,남,20,슬픔
cropped,897,남,40,슬픔
cropped,902,여,20,슬픔
cropped,903,여,20,슬픔
cropped,901,여,20,슬픔
cropped,905,여,20,슬픔
cropped,904,여,40,슬픔
cropped,906,여,20,슬픔
cropped,907,여,20,슬픔
cropped,910,남,20,슬픔
cropped,911,여,50,슬픔
cropped,909,여,30,슬픔
cropped,912,여,30,슬픔
cropped,914,여,20,슬픔
cropped,913,남,20,슬픔
cropped,917,여,30,슬픔
cropped,918,여,20,슬픔
cropped,919,남,30,슬픔
cropped,916,여,30,슬픔
cropped,915,남,30,슬픔
cropped,924,남,40,슬픔
cropped,926,남,30,슬픔
cropped,921,여,40,슬픔
cropped,923,여,20,슬픔
cropped,925,여,30,슬픔
cropped,922,남,20,슬픔
cropped,920,남,20,슬픔
cropped,927,남,30,슬픔
cropped,930,남,40,슬픔
cropped,933,여,20,슬픔
cropped,928,여,20,슬픔
cropped,929,여,20,슬픔
cropped,932,여,30,슬픔
cropped,931,남,50,슬픔
cropped,935,여,20,슬픔
cropped,939,남,20,슬픔
cropped,937,남,20,슬픔
cropped,938,남,20,슬픔
cropped,945,여,20,슬픔
cropped,940,여,30,슬픔
cropped,946,여,20,슬픔
cropped,941,남,20,슬픔
cropped,944,여,20,슬픔
cropped,942,남,20,슬픔
cropped,947,남,40,슬픔
cropped,943,여,20,슬픔
cropped,952,여,40,슬픔
cropped,953,여,20,슬픔
cropped,949,남,50,슬픔
cropped,951,남,40,슬픔
cropped,950,여,20,슬픔
cropped,956,여,20,슬픔
cropped,957,여,40,슬픔
cropped,958,남,30,슬픔
cropped,960,여,30,슬픔
cropped,954,여,20,슬픔
cropped,955,남,50,슬픔
cropped,959,남,30,슬픔
cropped,963,여,30,슬픔
cropped,966,여,20,슬픔
cropped,967,여,20,슬픔
cropped,965,남,40,슬픔
cropped,961,여,20,슬픔
cropped,969,여,20,슬픔
cropped,973,여,20,슬픔
cropped,972,여,30,슬픔
cropped,968,여,20,슬픔
cropped,971,남,50,슬픔
cropped,970,여,30,슬픔
cropped,975,여,10,슬픔
cropped,980,남,20,슬픔
cropped,981,여,20,슬픔
cropped,977,여,20,슬픔
cropped,978,여,20,슬픔
cropped,979,남,20,슬픔
cropped,976,남,20,슬픔
cropped,988,남,30,슬픔
cropped,987,여,50,슬픔
cropped,985,남,20,슬픔
cropped,984,남,20,슬픔
cropped,989,여,20,슬픔
cropped,986,여,20,슬픔
cropped,994,남,20,슬픔
cropped,993,남,20,슬픔
cropped,995,남,20,슬픔
cropped,991,남,20,슬픔
cropped,996,여,20,슬픔
cropped,990,여,20,슬픔
cropped,992,여,20,슬픔
cropped,999,여,20,슬픔
cropped,997,남,20,슬픔
cropped,998,남,20,슬픔
